anatomical_site_index	anatomical_site_label	cluster_index	cluster_label	present	site_category	num_mutations
0	Primary, right lower calf	0	SCN5A:3:38592136:T;TCF7L1:2:85360831:G;AMPD1:1:115223034:T;MYT1L:2:1915833:T;NBAS:2:15319166:A;CELSR3:3:48696867:A;DSCAM:21:41496168:T;SKOR2:18:44775299:T;SYMPK:19:46333405:A;TMC4:19:54672225:A;APOB:2:21227219:A;CTNNB1:3:41266100:C;FLAD1:1:154961257:T;ZNF546:19:40519908:T;OR4N3P:15:22414043:A;PTPN13:4:87683975:C;CNOT4:7:135047933:A;CHRM3:1:240072033:T;FAT4:4:126370607:A;MUC16:19:9064098:T;OR51F1:11:4790723:T;SERPINB5:18:61156664:T	0	primary	22
1	Locoregional skin metastasis 1, right calf	0	SCN5A:3:38592136:T;TCF7L1:2:85360831:G;AMPD1:1:115223034:T;MYT1L:2:1915833:T;NBAS:2:15319166:A;CELSR3:3:48696867:A;DSCAM:21:41496168:T;SKOR2:18:44775299:T;SYMPK:19:46333405:A;TMC4:19:54672225:A;APOB:2:21227219:A;CTNNB1:3:41266100:C;FLAD1:1:154961257:T;ZNF546:19:40519908:T;OR4N3P:15:22414043:A;PTPN13:4:87683975:C;CNOT4:7:135047933:A;CHRM3:1:240072033:T;FAT4:4:126370607:A;MUC16:19:9064098:T;OR51F1:11:4790723:T;SERPINB5:18:61156664:T	0	metastasis	22
2	Locoregional skin metastasis 2, right mid-calf	0	SCN5A:3:38592136:T;TCF7L1:2:85360831:G;AMPD1:1:115223034:T;MYT1L:2:1915833:T;NBAS:2:15319166:A;CELSR3:3:48696867:A;DSCAM:21:41496168:T;SKOR2:18:44775299:T;SYMPK:19:46333405:A;TMC4:19:54672225:A;APOB:2:21227219:A;CTNNB1:3:41266100:C;FLAD1:1:154961257:T;ZNF546:19:40519908:T;OR4N3P:15:22414043:A;PTPN13:4:87683975:C;CNOT4:7:135047933:A;CHRM3:1:240072033:T;FAT4:4:126370607:A;MUC16:19:9064098:T;OR51F1:11:4790723:T;SERPINB5:18:61156664:T	0	metastasis	22
0	Primary, right lower calf	1	TIE1:1:43770687:A;CHGB:20:5903717:A;PLEKHM2:1:16056414:T;BATF2:11:64756757:A;LRRC31:3:169557992:A;ABCD2:12:40012713:A;POU2AF1:11:111225296:T;SURF6:9:136199499:A;RGS7:1:241032078:G;APOB:2:21224930:C;LOC730159:1:173604957:A;UMODL1:21:43531450:A;C2orf89:2:85097444:A;FAM71E2:19:55870527:T;MED13L:12:116450633:T;LRRIQ3:1:74507442:T;ATR:3:142279230:A;RUFY4:2:218940425:A;IL18R1:2:102992463:A;C4orf6:4:5527967:A;C1orf173:1:75039123:T;RPN2:20:35864984:G;RPA3:7:7678719:A;TUBA4A:2:220115580:T;SULT1C2:2:108917377:A;TTC27:2:32891782:T;KDM5A:12:416840:A;MAGI1:3:65438932:T;IGFN1:1:201191883:T;SLC4A10:2:162751222:T;ZSCAN20:1:33958929:T;C2orf78:2:74042437:A;ATP7B:13:52542679:A;TCRBV5S3A2T:7:142149034:A;GCNT1:9:79118540:A;FNDC3A:13:49777297:T;RPL3L:16:2004630:T;OR4F6:15:102346508:A;FOXP1:3:71007438:A;C1orf168:1:57257937:T;TTC21A:3:39171767:C;WDR49:3:167272452:T;TLN2:15:62995024:A;ADAMTS20:12:43822075:T;AK127846:19:53513010:A;KRT77:12:53097095:T;LYG1:2:99907715:T;CD163L1:12:7531611:T;CXXC11:2:242815347:A;ITGBL1:13:102367991:T;RAD51AP2:2:17699111:A;VPS13C:15:62223292:A;XDH:2:31589781:T;OLFM3:1:102269824:A;SCG2:2:224462740:A;WDR88:19:33623083:T;CYTIP:2:158272526:T;SMPD1:11:6415514:A;RAB27B:18:52544944:A;TLN1:9:35700199:A;CD1C:1:158263244:A;ARSJ:4:114824337:A;CADM2:3:85775639:A;NAA16:13:41910822:A;MYO5C:15:52539160:A;COL20A1:20:61952391:T;PIK3R3:1:46641972:A;MUC19:12:40944319:T;FAM205A:9:34729316:T;MUC16:19:9068247:T;SCN11A:3:38889195:A;LGI2:4:25005795:T;LCT:2:136575060:A;TMEM132C:12:129190361:T;LTN1:21:30365241:G;LY9:1:160784359:A;LRRC31:3:169578416:T;OR4C3:11:48347057:T;ABCA4:1:94467352:T;COL5A1:9:137714875:T;DCC:18:51025778:T;PTPRZ1:7:121680956:T;ZNF180:19:44981857:C;C2orf55:2:99439706:A;SLC4A8:12:51868859:A;ALPK3:15:85401477:T;FGF12:3:192053201:T;MED13L:12:116446299:A;C7:5:40937767:A;SLC12A1:15:48529232:T;OR51B2:11:5345040:A;SPTA1:1:158639264:T;IL36A:2:113764225:C;ARHGEF10L:1:18021484:T;VWDE:7:12380010:A;ATP8A2:13:26117443:A;LRRIQ1:12:85531698:T;EDC3:15:74963929:A;RNF17:13:25368316:A;TRANK1:3:36873919:T;SLC12A6:15:34628783:T;GNB3:12:6952159:A;PBX3:9:128692113:T;SH3BP4:2:235951323:T;TMEM132D:12:129559137:A;KIF21A:12:39763537:A;LCT:2:136567426:A;LPAR1:9:113704247:A;MDM2:12:69229756:A;SLC6A9:1:44482761:T;CXXC11:2:242814878:A;TCHHL1:1:152057966:A;PRDM11:11:45246271:T;DARC:1:159176199:A;SLC8A1:2:40657293:T;PPARG:3:12421311:T;USP19:3:49149998:A;PAEP:9:138457356:A;VPRBP:3:51458342:A;MUC16:19:9080501:T;HDAC9:7:18767370:T;USP34:2:61484454:A;PTGFR:1:79002315:T;APOB:2:21234878:A;IBSP:4:88731826:A;PPHLN1:12:42835284:T;CEACAM6:19:42260627:T;JAK1:1:65325883:A;OR2T1:1:248570073:T;PTGER3:1:71418599:T;SORL1:11:121367678:T;ADAMTS4:1:161165413:C;OR10X1:1:158548891:A;DNAH5:5:13793798:T;HAO2:1:119934838:A;HMGA2:12:66232317:A;FAIM2:12:50264317:A;OLFML3:1:114524257:T;PDE1B:12:54963136:A;CALCOCO1:12:54106595:A;PTPRQ:12:81014109:A;RUFY4:2:218938599:T;ARHGAP25:2:69046421:C;GBP1:1:89523737:A;ABCA13:7:48563884:A;ADAMTS12:5:33577265:G;SELL:1:169673831:T;TTN:2:179599246:T;BRDT:1:92446223:T;LRP2:2:170135967:T;SLC38A1:12:46599946:T;GOLGA6L6:15:20739748:T;PRB4:12:11461753:T;PCLO:7:82544610:A;HCN1:5:45396799:T;CPNE4:3:131274382:A;CCDC168:13:103389269:T;BRPF1:3:9783825:T;CHST1:11:45672173:G;TAF4:20:60581672:A;VWA5A:11:123994125:A;PRLR:5:35065987:A;LPHN2:1:82456418:T;ETV1:7:13971176:A;STRA6:15:74483831:T;CACNA1D:3:53769500:T;KIF1A:2:241689925:A;C19orf75:19:51768724:A;SPTA1:1:158596730:A;C20orf144:20:32251533:A;ATP10D:4:47584024:A;INHBB:2:121107277:T;MRPS22:3:139065767:A;C3orf67:3:58835121:A;OR8S1:12:48920072:T;LBR:1:225611750:A;GREB1:2:11731534:A;EEA1:12:93258713:T;RALGAPB:20:37144939:T;TMTC2:12:83290148:T;KSR2:12:117964916:T;KIAA0368:9:114182317:T;KLK6:19:51466733:A;LRBA:4:151821228:A;MRPS17:7:56020913:T;UBE2Q2:15:76136172:T;FMN2:1:240493915:A;XIRP1:3:39230023:T;ANO7:2:242154229:A;FBXW8:12:117423050:T;HSD11B1:1:209880125:T;PTPRF:1:44072011:T;SGIP1:1:67147827:T;CASR:3:122001025:A;CTNND2:5:10992745:A;HSD3B1:1:120056748:A;HEG1:3:124731677:A;MYPOP:19:46404926:G;ATP8B2:1:154304142:T;KIF21B:1:200965493:A;ODZ3:4:183549932:A;PDE3A:12:20807014:A;CACNA1S:1:201081355:C;EIF2C1:1:36358818:T;CYP27A1:2:219677417:T;POLQ:3:121209286:A;SLCO1B1:12:21355579:G;APLF:2:68753367:T;WDR76:15:44158547:T;EPHA4:2:222308310:T;C9orf125:9:104238254:T;PARP14:3:122433211:T;PTPRT:20:41419837:A;USH2A:1:215990454:A;LAMC1:1:183105649:A;C1orf173:1:75038837:T;COL2A1:12:48377900:T;COL6A6:3:130293224:T;EPHA10:1:38227731:T;CACNA1C:12:2690848:G;MCTP1:5:94244974:T;PCLO:7:82538248:T;PIP5K1C:19:3642933:C;HSPB7:1:16345734:T;EMILIN3:20:39989912:A;SCN9A:2:167162345:A;SLCO1B1:12:21355470:A;GPR83:11:94113452:A;GLCCI1:7:8043595:T;DNAH5:5:13717604:T;LRRC33:3:196388210:T	1	primary	231
1	Locoregional skin metastasis 1, right calf	1	TIE1:1:43770687:A;CHGB:20:5903717:A;PLEKHM2:1:16056414:T;BATF2:11:64756757:A;LRRC31:3:169557992:A;ABCD2:12:40012713:A;POU2AF1:11:111225296:T;SURF6:9:136199499:A;RGS7:1:241032078:G;APOB:2:21224930:C;LOC730159:1:173604957:A;UMODL1:21:43531450:A;C2orf89:2:85097444:A;FAM71E2:19:55870527:T;MED13L:12:116450633:T;LRRIQ3:1:74507442:T;ATR:3:142279230:A;RUFY4:2:218940425:A;IL18R1:2:102992463:A;C4orf6:4:5527967:A;C1orf173:1:75039123:T;RPN2:20:35864984:G;RPA3:7:7678719:A;TUBA4A:2:220115580:T;SULT1C2:2:108917377:A;TTC27:2:32891782:T;KDM5A:12:416840:A;MAGI1:3:65438932:T;IGFN1:1:201191883:T;SLC4A10:2:162751222:T;ZSCAN20:1:33958929:T;C2orf78:2:74042437:A;ATP7B:13:52542679:A;TCRBV5S3A2T:7:142149034:A;GCNT1:9:79118540:A;FNDC3A:13:49777297:T;RPL3L:16:2004630:T;OR4F6:15:102346508:A;FOXP1:3:71007438:A;C1orf168:1:57257937:T;TTC21A:3:39171767:C;WDR49:3:167272452:T;TLN2:15:62995024:A;ADAMTS20:12:43822075:T;AK127846:19:53513010:A;KRT77:12:53097095:T;LYG1:2:99907715:T;CD163L1:12:7531611:T;CXXC11:2:242815347:A;ITGBL1:13:102367991:T;RAD51AP2:2:17699111:A;VPS13C:15:62223292:A;XDH:2:31589781:T;OLFM3:1:102269824:A;SCG2:2:224462740:A;WDR88:19:33623083:T;CYTIP:2:158272526:T;SMPD1:11:6415514:A;RAB27B:18:52544944:A;TLN1:9:35700199:A;CD1C:1:158263244:A;ARSJ:4:114824337:A;CADM2:3:85775639:A;NAA16:13:41910822:A;MYO5C:15:52539160:A;COL20A1:20:61952391:T;PIK3R3:1:46641972:A;MUC19:12:40944319:T;FAM205A:9:34729316:T;MUC16:19:9068247:T;SCN11A:3:38889195:A;LGI2:4:25005795:T;LCT:2:136575060:A;TMEM132C:12:129190361:T;LTN1:21:30365241:G;LY9:1:160784359:A;LRRC31:3:169578416:T;OR4C3:11:48347057:T;ABCA4:1:94467352:T;COL5A1:9:137714875:T;DCC:18:51025778:T;PTPRZ1:7:121680956:T;ZNF180:19:44981857:C;C2orf55:2:99439706:A;SLC4A8:12:51868859:A;ALPK3:15:85401477:T;FGF12:3:192053201:T;MED13L:12:116446299:A;C7:5:40937767:A;SLC12A1:15:48529232:T;OR51B2:11:5345040:A;SPTA1:1:158639264:T;IL36A:2:113764225:C;ARHGEF10L:1:18021484:T;VWDE:7:12380010:A;ATP8A2:13:26117443:A;LRRIQ1:12:85531698:T;EDC3:15:74963929:A;RNF17:13:25368316:A;TRANK1:3:36873919:T;SLC12A6:15:34628783:T;GNB3:12:6952159:A;PBX3:9:128692113:T;SH3BP4:2:235951323:T;TMEM132D:12:129559137:A;KIF21A:12:39763537:A;LCT:2:136567426:A;LPAR1:9:113704247:A;MDM2:12:69229756:A;SLC6A9:1:44482761:T;CXXC11:2:242814878:A;TCHHL1:1:152057966:A;PRDM11:11:45246271:T;DARC:1:159176199:A;SLC8A1:2:40657293:T;PPARG:3:12421311:T;USP19:3:49149998:A;PAEP:9:138457356:A;VPRBP:3:51458342:A;MUC16:19:9080501:T;HDAC9:7:18767370:T;USP34:2:61484454:A;PTGFR:1:79002315:T;APOB:2:21234878:A;IBSP:4:88731826:A;PPHLN1:12:42835284:T;CEACAM6:19:42260627:T;JAK1:1:65325883:A;OR2T1:1:248570073:T;PTGER3:1:71418599:T;SORL1:11:121367678:T;ADAMTS4:1:161165413:C;OR10X1:1:158548891:A;DNAH5:5:13793798:T;HAO2:1:119934838:A;HMGA2:12:66232317:A;FAIM2:12:50264317:A;OLFML3:1:114524257:T;PDE1B:12:54963136:A;CALCOCO1:12:54106595:A;PTPRQ:12:81014109:A;RUFY4:2:218938599:T;ARHGAP25:2:69046421:C;GBP1:1:89523737:A;ABCA13:7:48563884:A;ADAMTS12:5:33577265:G;SELL:1:169673831:T;TTN:2:179599246:T;BRDT:1:92446223:T;LRP2:2:170135967:T;SLC38A1:12:46599946:T;GOLGA6L6:15:20739748:T;PRB4:12:11461753:T;PCLO:7:82544610:A;HCN1:5:45396799:T;CPNE4:3:131274382:A;CCDC168:13:103389269:T;BRPF1:3:9783825:T;CHST1:11:45672173:G;TAF4:20:60581672:A;VWA5A:11:123994125:A;PRLR:5:35065987:A;LPHN2:1:82456418:T;ETV1:7:13971176:A;STRA6:15:74483831:T;CACNA1D:3:53769500:T;KIF1A:2:241689925:A;C19orf75:19:51768724:A;SPTA1:1:158596730:A;C20orf144:20:32251533:A;ATP10D:4:47584024:A;INHBB:2:121107277:T;MRPS22:3:139065767:A;C3orf67:3:58835121:A;OR8S1:12:48920072:T;LBR:1:225611750:A;GREB1:2:11731534:A;EEA1:12:93258713:T;RALGAPB:20:37144939:T;TMTC2:12:83290148:T;KSR2:12:117964916:T;KIAA0368:9:114182317:T;KLK6:19:51466733:A;LRBA:4:151821228:A;MRPS17:7:56020913:T;UBE2Q2:15:76136172:T;FMN2:1:240493915:A;XIRP1:3:39230023:T;ANO7:2:242154229:A;FBXW8:12:117423050:T;HSD11B1:1:209880125:T;PTPRF:1:44072011:T;SGIP1:1:67147827:T;CASR:3:122001025:A;CTNND2:5:10992745:A;HSD3B1:1:120056748:A;HEG1:3:124731677:A;MYPOP:19:46404926:G;ATP8B2:1:154304142:T;KIF21B:1:200965493:A;ODZ3:4:183549932:A;PDE3A:12:20807014:A;CACNA1S:1:201081355:C;EIF2C1:1:36358818:T;CYP27A1:2:219677417:T;POLQ:3:121209286:A;SLCO1B1:12:21355579:G;APLF:2:68753367:T;WDR76:15:44158547:T;EPHA4:2:222308310:T;C9orf125:9:104238254:T;PARP14:3:122433211:T;PTPRT:20:41419837:A;USH2A:1:215990454:A;LAMC1:1:183105649:A;C1orf173:1:75038837:T;COL2A1:12:48377900:T;COL6A6:3:130293224:T;EPHA10:1:38227731:T;CACNA1C:12:2690848:G;MCTP1:5:94244974:T;PCLO:7:82538248:T;PIP5K1C:19:3642933:C;HSPB7:1:16345734:T;EMILIN3:20:39989912:A;SCN9A:2:167162345:A;SLCO1B1:12:21355470:A;GPR83:11:94113452:A;GLCCI1:7:8043595:T;DNAH5:5:13717604:T;LRRC33:3:196388210:T	0	metastasis	231
2	Locoregional skin metastasis 2, right mid-calf	1	TIE1:1:43770687:A;CHGB:20:5903717:A;PLEKHM2:1:16056414:T;BATF2:11:64756757:A;LRRC31:3:169557992:A;ABCD2:12:40012713:A;POU2AF1:11:111225296:T;SURF6:9:136199499:A;RGS7:1:241032078:G;APOB:2:21224930:C;LOC730159:1:173604957:A;UMODL1:21:43531450:A;C2orf89:2:85097444:A;FAM71E2:19:55870527:T;MED13L:12:116450633:T;LRRIQ3:1:74507442:T;ATR:3:142279230:A;RUFY4:2:218940425:A;IL18R1:2:102992463:A;C4orf6:4:5527967:A;C1orf173:1:75039123:T;RPN2:20:35864984:G;RPA3:7:7678719:A;TUBA4A:2:220115580:T;SULT1C2:2:108917377:A;TTC27:2:32891782:T;KDM5A:12:416840:A;MAGI1:3:65438932:T;IGFN1:1:201191883:T;SLC4A10:2:162751222:T;ZSCAN20:1:33958929:T;C2orf78:2:74042437:A;ATP7B:13:52542679:A;TCRBV5S3A2T:7:142149034:A;GCNT1:9:79118540:A;FNDC3A:13:49777297:T;RPL3L:16:2004630:T;OR4F6:15:102346508:A;FOXP1:3:71007438:A;C1orf168:1:57257937:T;TTC21A:3:39171767:C;WDR49:3:167272452:T;TLN2:15:62995024:A;ADAMTS20:12:43822075:T;AK127846:19:53513010:A;KRT77:12:53097095:T;LYG1:2:99907715:T;CD163L1:12:7531611:T;CXXC11:2:242815347:A;ITGBL1:13:102367991:T;RAD51AP2:2:17699111:A;VPS13C:15:62223292:A;XDH:2:31589781:T;OLFM3:1:102269824:A;SCG2:2:224462740:A;WDR88:19:33623083:T;CYTIP:2:158272526:T;SMPD1:11:6415514:A;RAB27B:18:52544944:A;TLN1:9:35700199:A;CD1C:1:158263244:A;ARSJ:4:114824337:A;CADM2:3:85775639:A;NAA16:13:41910822:A;MYO5C:15:52539160:A;COL20A1:20:61952391:T;PIK3R3:1:46641972:A;MUC19:12:40944319:T;FAM205A:9:34729316:T;MUC16:19:9068247:T;SCN11A:3:38889195:A;LGI2:4:25005795:T;LCT:2:136575060:A;TMEM132C:12:129190361:T;LTN1:21:30365241:G;LY9:1:160784359:A;LRRC31:3:169578416:T;OR4C3:11:48347057:T;ABCA4:1:94467352:T;COL5A1:9:137714875:T;DCC:18:51025778:T;PTPRZ1:7:121680956:T;ZNF180:19:44981857:C;C2orf55:2:99439706:A;SLC4A8:12:51868859:A;ALPK3:15:85401477:T;FGF12:3:192053201:T;MED13L:12:116446299:A;C7:5:40937767:A;SLC12A1:15:48529232:T;OR51B2:11:5345040:A;SPTA1:1:158639264:T;IL36A:2:113764225:C;ARHGEF10L:1:18021484:T;VWDE:7:12380010:A;ATP8A2:13:26117443:A;LRRIQ1:12:85531698:T;EDC3:15:74963929:A;RNF17:13:25368316:A;TRANK1:3:36873919:T;SLC12A6:15:34628783:T;GNB3:12:6952159:A;PBX3:9:128692113:T;SH3BP4:2:235951323:T;TMEM132D:12:129559137:A;KIF21A:12:39763537:A;LCT:2:136567426:A;LPAR1:9:113704247:A;MDM2:12:69229756:A;SLC6A9:1:44482761:T;CXXC11:2:242814878:A;TCHHL1:1:152057966:A;PRDM11:11:45246271:T;DARC:1:159176199:A;SLC8A1:2:40657293:T;PPARG:3:12421311:T;USP19:3:49149998:A;PAEP:9:138457356:A;VPRBP:3:51458342:A;MUC16:19:9080501:T;HDAC9:7:18767370:T;USP34:2:61484454:A;PTGFR:1:79002315:T;APOB:2:21234878:A;IBSP:4:88731826:A;PPHLN1:12:42835284:T;CEACAM6:19:42260627:T;JAK1:1:65325883:A;OR2T1:1:248570073:T;PTGER3:1:71418599:T;SORL1:11:121367678:T;ADAMTS4:1:161165413:C;OR10X1:1:158548891:A;DNAH5:5:13793798:T;HAO2:1:119934838:A;HMGA2:12:66232317:A;FAIM2:12:50264317:A;OLFML3:1:114524257:T;PDE1B:12:54963136:A;CALCOCO1:12:54106595:A;PTPRQ:12:81014109:A;RUFY4:2:218938599:T;ARHGAP25:2:69046421:C;GBP1:1:89523737:A;ABCA13:7:48563884:A;ADAMTS12:5:33577265:G;SELL:1:169673831:T;TTN:2:179599246:T;BRDT:1:92446223:T;LRP2:2:170135967:T;SLC38A1:12:46599946:T;GOLGA6L6:15:20739748:T;PRB4:12:11461753:T;PCLO:7:82544610:A;HCN1:5:45396799:T;CPNE4:3:131274382:A;CCDC168:13:103389269:T;BRPF1:3:9783825:T;CHST1:11:45672173:G;TAF4:20:60581672:A;VWA5A:11:123994125:A;PRLR:5:35065987:A;LPHN2:1:82456418:T;ETV1:7:13971176:A;STRA6:15:74483831:T;CACNA1D:3:53769500:T;KIF1A:2:241689925:A;C19orf75:19:51768724:A;SPTA1:1:158596730:A;C20orf144:20:32251533:A;ATP10D:4:47584024:A;INHBB:2:121107277:T;MRPS22:3:139065767:A;C3orf67:3:58835121:A;OR8S1:12:48920072:T;LBR:1:225611750:A;GREB1:2:11731534:A;EEA1:12:93258713:T;RALGAPB:20:37144939:T;TMTC2:12:83290148:T;KSR2:12:117964916:T;KIAA0368:9:114182317:T;KLK6:19:51466733:A;LRBA:4:151821228:A;MRPS17:7:56020913:T;UBE2Q2:15:76136172:T;FMN2:1:240493915:A;XIRP1:3:39230023:T;ANO7:2:242154229:A;FBXW8:12:117423050:T;HSD11B1:1:209880125:T;PTPRF:1:44072011:T;SGIP1:1:67147827:T;CASR:3:122001025:A;CTNND2:5:10992745:A;HSD3B1:1:120056748:A;HEG1:3:124731677:A;MYPOP:19:46404926:G;ATP8B2:1:154304142:T;KIF21B:1:200965493:A;ODZ3:4:183549932:A;PDE3A:12:20807014:A;CACNA1S:1:201081355:C;EIF2C1:1:36358818:T;CYP27A1:2:219677417:T;POLQ:3:121209286:A;SLCO1B1:12:21355579:G;APLF:2:68753367:T;WDR76:15:44158547:T;EPHA4:2:222308310:T;C9orf125:9:104238254:T;PARP14:3:122433211:T;PTPRT:20:41419837:A;USH2A:1:215990454:A;LAMC1:1:183105649:A;C1orf173:1:75038837:T;COL2A1:12:48377900:T;COL6A6:3:130293224:T;EPHA10:1:38227731:T;CACNA1C:12:2690848:G;MCTP1:5:94244974:T;PCLO:7:82538248:T;PIP5K1C:19:3642933:C;HSPB7:1:16345734:T;EMILIN3:20:39989912:A;SCN9A:2:167162345:A;SLCO1B1:12:21355470:A;GPR83:11:94113452:A;GLCCI1:7:8043595:T;DNAH5:5:13717604:T;LRRC33:3:196388210:T	0	metastasis	231
0	Primary, right lower calf	2	CALM3:19:47109110:G;CCDC18:1:93659263:T;CDH15:16:89257798:T;NLRP5:19:56572884:A;MTHFR:1:11856270:A;PAPPA2:1:176760491:T;POT1:7:124469325:A;KRT73:12:53005003:T;DNAH14:1:225458565:T;IL22:12:68647151:A;PGAP1:2:197707510:A;MYO16:13:109540762:T;DNAH5:5:13794102:T;CTNNB1:3:41266104:A;UBR1:15:43237638:T;ZNF276:16:89789189:T;MUC17:7:100678863:T;FAT1:4:187531166:A;SLC28A1:15:85447384:T;PALMD:1:100154947:A;SLC50A1:1:155108429:T;HP:16:72094397:T;COL18A1:21:46924434:C;PRSS45:3:46785601:A;SH3BP5:3:15345647:A;BRAT1:7:2593947:A;ATCAY:19:3885776:T;TTN:2:179482731:G;PCNXL2:1:233334711:A;MAP9:4:156276299:A;CAPN13:2:31010164:T;ZNF626:19:20807610:T;HIGD1C:12:51364261:A;OR13C8:9:107331917:A;PAPPA2:1:176564267:A;THSD7B:2:138320916:A;CDH4:20:60318716:A;SOAT1:1:179322722:T;OTUD4:4:146061108:A;RERE:1:8716311:T;SCG5:15:32972095:T;CACNA1S:1:201058578:T;NEXN:1:78392195:G;CHD9:16:53261314:T;FLG:1:152286842:T;MUC16:19:9060431:T;C15orf2:15:24924322:A;CADM3:1:159163743:A;PLA1A:3:119327752:A;FGF12:3:192053191:A;GPC2:7:99768974:A	1	primary	51
1	Locoregional skin metastasis 1, right calf	2	CALM3:19:47109110:G;CCDC18:1:93659263:T;CDH15:16:89257798:T;NLRP5:19:56572884:A;MTHFR:1:11856270:A;PAPPA2:1:176760491:T;POT1:7:124469325:A;KRT73:12:53005003:T;DNAH14:1:225458565:T;IL22:12:68647151:A;PGAP1:2:197707510:A;MYO16:13:109540762:T;DNAH5:5:13794102:T;CTNNB1:3:41266104:A;UBR1:15:43237638:T;ZNF276:16:89789189:T;MUC17:7:100678863:T;FAT1:4:187531166:A;SLC28A1:15:85447384:T;PALMD:1:100154947:A;SLC50A1:1:155108429:T;HP:16:72094397:T;COL18A1:21:46924434:C;PRSS45:3:46785601:A;SH3BP5:3:15345647:A;BRAT1:7:2593947:A;ATCAY:19:3885776:T;TTN:2:179482731:G;PCNXL2:1:233334711:A;MAP9:4:156276299:A;CAPN13:2:31010164:T;ZNF626:19:20807610:T;HIGD1C:12:51364261:A;OR13C8:9:107331917:A;PAPPA2:1:176564267:A;THSD7B:2:138320916:A;CDH4:20:60318716:A;SOAT1:1:179322722:T;OTUD4:4:146061108:A;RERE:1:8716311:T;SCG5:15:32972095:T;CACNA1S:1:201058578:T;NEXN:1:78392195:G;CHD9:16:53261314:T;FLG:1:152286842:T;MUC16:19:9060431:T;C15orf2:15:24924322:A;CADM3:1:159163743:A;PLA1A:3:119327752:A;FGF12:3:192053191:A;GPC2:7:99768974:A	0	metastasis	51
2	Locoregional skin metastasis 2, right mid-calf	2	CALM3:19:47109110:G;CCDC18:1:93659263:T;CDH15:16:89257798:T;NLRP5:19:56572884:A;MTHFR:1:11856270:A;PAPPA2:1:176760491:T;POT1:7:124469325:A;KRT73:12:53005003:T;DNAH14:1:225458565:T;IL22:12:68647151:A;PGAP1:2:197707510:A;MYO16:13:109540762:T;DNAH5:5:13794102:T;CTNNB1:3:41266104:A;UBR1:15:43237638:T;ZNF276:16:89789189:T;MUC17:7:100678863:T;FAT1:4:187531166:A;SLC28A1:15:85447384:T;PALMD:1:100154947:A;SLC50A1:1:155108429:T;HP:16:72094397:T;COL18A1:21:46924434:C;PRSS45:3:46785601:A;SH3BP5:3:15345647:A;BRAT1:7:2593947:A;ATCAY:19:3885776:T;TTN:2:179482731:G;PCNXL2:1:233334711:A;MAP9:4:156276299:A;CAPN13:2:31010164:T;ZNF626:19:20807610:T;HIGD1C:12:51364261:A;OR13C8:9:107331917:A;PAPPA2:1:176564267:A;THSD7B:2:138320916:A;CDH4:20:60318716:A;SOAT1:1:179322722:T;OTUD4:4:146061108:A;RERE:1:8716311:T;SCG5:15:32972095:T;CACNA1S:1:201058578:T;NEXN:1:78392195:G;CHD9:16:53261314:T;FLG:1:152286842:T;MUC16:19:9060431:T;C15orf2:15:24924322:A;CADM3:1:159163743:A;PLA1A:3:119327752:A;FGF12:3:192053191:A;GPC2:7:99768974:A	1	metastasis	51
0	Primary, right lower calf	3	CARS2:13:111315829:A;GPR128:3:100373870:T	0	primary	2
1	Locoregional skin metastasis 1, right calf	3	CARS2:13:111315829:A;GPR128:3:100373870:T	1	metastasis	2
2	Locoregional skin metastasis 2, right mid-calf	3	CARS2:13:111315829:A;GPR128:3:100373870:T	0	metastasis	2
0	Primary, right lower calf	4	PDXDC2P:16:70020344:A;C3orf55:3:157318011:T;SDK1:7:4272915:A;TRPC4:13:38320354:A;SLC6A19:5:1208864:T;GTF3C4:9:135553483:G;CXCR2:2:218999543:A;HDAC9:7:18875108:A;FAM155A:13:107863057:G;NSA2:5:74064879:G;KSR2:12:118298216:A;FLG:1:152286812:T;PSMD1:2:231934768:T;DDC:7:50531072:A;ZNF781:19:38160175:T;ORC1:1:52863363:C;GLI3:7:42004385:A;BTD:3:15686149:A;FAM193A:4:2641587:A;COL8A1:3:99513993:G;ZFR2:19:3831710:A;SLITRK3:3:164908571:T;FAM46B:1:27332768:A;SENP7:3:101044921:A;IL1B:2:113591116:T;TRHDE:12:73050745:A;MYBPC1:12:102061661:T;PGLYRP3:1:153276463:A;SLC25A48:5:135207254:A;FCRL6:1:159779295:A;LMF1:16:919930:A;AGL:1:100382014:G;SPTA1:1:158595965:T;SRPR:11:126134309:A;C15orf55:15:34645959:A;PTGS2:1:186643687:T;ACTL9:19:8808474:T;OR10G8:11:123901174:G;OR2A12:7:143793016:T;TRPV6:7:142569667:T;PHF2:9:96408053:C;ARHGAP9:12:57871033:T;SNCAIP:5:121785576:G;GJB6:13:20797125:T;B4GALNT4:11:380910:T;PRDM11:11:45204596:T;PLEKHA8:7:30084720:T;PLEKHG7:12:93139337:A;CHPF:2:220404160:A;TP53BP1:15:43714088:A;ODZ4:11:78369497:T;HSP90B3P:1:92109018:A;MAP4K1:19:39096849:A;SEC24D:4:119754803:A;AP3B2:15:83346089:T;OR1I1:19:15197998:A;FAM160A2:11:6232978:A;CLPTM1L:5:1338094:A;SLC22A25:11:62932006:A;STAC:3:36484902:A;TRIM71:3:32933094:A;ADAMTS20:12:43896072:T;HRH3:20:60791414:A;OBSCN:1:228467961:T;FSTL5:4:162307572:A;ARID3C:9:34627728:A;ZNF668:16:31075361:A;GRIP1:12:66923630:A;ALB:4:74270855:A;ZNF607:19:38190082:T;IL18RAP:2:103039780:A;KIAA0748:12:55368219:A;RSPO4:20:982801:T;FLT1:13:29012475:T;GRM3:7:86468387:A;SV2B:15:91795661:A;TLE2:19:3005730:T;FCRL3:1:157665219:A;SCRN1:7:29994949:A;DNAH5:5:13794110:T;DLGAP3:1:35365862:T;OR1J1:9:125240147:T;BCL11A:2:60689096:T;GPR156:3:119886317:A;OR2T11:1:248790413:A;ZMYM6NB:1:35449485:A;CCDC140:2:223168985:T;APOB:2:21234286:A;OR13C2:9:107367333:A;B7H6:11:17388560:T;GPR55:2:231774969:T;NTNG1:1:107867391:A;FKRP:19:47259151:T;LOC155060:7:148990647:T;ZNF609:15:64966740:T;GK2:4:80327785:A;DCAF16:4:17805668:C;ZNF407:18:72347129:A;ATP8B4:15:50336794:A;TPO:2:1426848:G;DNAH6:2:85035583:A;BCL11A:2:60688653:A;SEC16B:1:177936896:A;ANKRD27:19:33096848:A;TTN:2:179613357:A;OSBPL10:3:31921240:A;C19orf46:19:36499226:A;CSMD2:1:34015794:A;LRP1B:2:141771262:T;APCDD1:18:10485504:C;ARHGEF17:11:73073144:T;PRSS41:16:2854501:T;MAN1C1:1:25944706:T;DNAH10:12:124330581:A;C19orf18:19:58469989:T;RASIP1:19:49230400:A;TRPC4:13:38211762:T;UCP3:11:73717422:A;KANK3:19:8398751:A;SPEN:1:16245538:T;BRAF:7:140494248:A;ANKRD34C:15:79586350:A;LIPE:19:42914514:G;SIGLEC14:19:52147231:A;BIRC6:2:32656030:A;SOHLH2:13:36776099:T;CLIP4:2:29355097:A;PDCD1:2:242794497:G;TNFSF13B:13:108955618:T;DCHS2:4:155312429:T;RAD51AP2:2:17697685:A;FAM49A:2:16743338:T;TBC1D5:3:17446199:A;GCN1L1:12:120587454:A;PROC:2:128186434:A;PDZD2:5:32087415:A;SLCO1B3:12:21030841:C;ITGA10:1:145532618:G;ITIH3:3:52840317:A;DHX57:2:39088901:A;BLVRB:19:40957335:A;LRP2:2:170103984:A	0	primary	142
1	Locoregional skin metastasis 1, right calf	4	PDXDC2P:16:70020344:A;C3orf55:3:157318011:T;SDK1:7:4272915:A;TRPC4:13:38320354:A;SLC6A19:5:1208864:T;GTF3C4:9:135553483:G;CXCR2:2:218999543:A;HDAC9:7:18875108:A;FAM155A:13:107863057:G;NSA2:5:74064879:G;KSR2:12:118298216:A;FLG:1:152286812:T;PSMD1:2:231934768:T;DDC:7:50531072:A;ZNF781:19:38160175:T;ORC1:1:52863363:C;GLI3:7:42004385:A;BTD:3:15686149:A;FAM193A:4:2641587:A;COL8A1:3:99513993:G;ZFR2:19:3831710:A;SLITRK3:3:164908571:T;FAM46B:1:27332768:A;SENP7:3:101044921:A;IL1B:2:113591116:T;TRHDE:12:73050745:A;MYBPC1:12:102061661:T;PGLYRP3:1:153276463:A;SLC25A48:5:135207254:A;FCRL6:1:159779295:A;LMF1:16:919930:A;AGL:1:100382014:G;SPTA1:1:158595965:T;SRPR:11:126134309:A;C15orf55:15:34645959:A;PTGS2:1:186643687:T;ACTL9:19:8808474:T;OR10G8:11:123901174:G;OR2A12:7:143793016:T;TRPV6:7:142569667:T;PHF2:9:96408053:C;ARHGAP9:12:57871033:T;SNCAIP:5:121785576:G;GJB6:13:20797125:T;B4GALNT4:11:380910:T;PRDM11:11:45204596:T;PLEKHA8:7:30084720:T;PLEKHG7:12:93139337:A;CHPF:2:220404160:A;TP53BP1:15:43714088:A;ODZ4:11:78369497:T;HSP90B3P:1:92109018:A;MAP4K1:19:39096849:A;SEC24D:4:119754803:A;AP3B2:15:83346089:T;OR1I1:19:15197998:A;FAM160A2:11:6232978:A;CLPTM1L:5:1338094:A;SLC22A25:11:62932006:A;STAC:3:36484902:A;TRIM71:3:32933094:A;ADAMTS20:12:43896072:T;HRH3:20:60791414:A;OBSCN:1:228467961:T;FSTL5:4:162307572:A;ARID3C:9:34627728:A;ZNF668:16:31075361:A;GRIP1:12:66923630:A;ALB:4:74270855:A;ZNF607:19:38190082:T;IL18RAP:2:103039780:A;KIAA0748:12:55368219:A;RSPO4:20:982801:T;FLT1:13:29012475:T;GRM3:7:86468387:A;SV2B:15:91795661:A;TLE2:19:3005730:T;FCRL3:1:157665219:A;SCRN1:7:29994949:A;DNAH5:5:13794110:T;DLGAP3:1:35365862:T;OR1J1:9:125240147:T;BCL11A:2:60689096:T;GPR156:3:119886317:A;OR2T11:1:248790413:A;ZMYM6NB:1:35449485:A;CCDC140:2:223168985:T;APOB:2:21234286:A;OR13C2:9:107367333:A;B7H6:11:17388560:T;GPR55:2:231774969:T;NTNG1:1:107867391:A;FKRP:19:47259151:T;LOC155060:7:148990647:T;ZNF609:15:64966740:T;GK2:4:80327785:A;DCAF16:4:17805668:C;ZNF407:18:72347129:A;ATP8B4:15:50336794:A;TPO:2:1426848:G;DNAH6:2:85035583:A;BCL11A:2:60688653:A;SEC16B:1:177936896:A;ANKRD27:19:33096848:A;TTN:2:179613357:A;OSBPL10:3:31921240:A;C19orf46:19:36499226:A;CSMD2:1:34015794:A;LRP1B:2:141771262:T;APCDD1:18:10485504:C;ARHGEF17:11:73073144:T;PRSS41:16:2854501:T;MAN1C1:1:25944706:T;DNAH10:12:124330581:A;C19orf18:19:58469989:T;RASIP1:19:49230400:A;TRPC4:13:38211762:T;UCP3:11:73717422:A;KANK3:19:8398751:A;SPEN:1:16245538:T;BRAF:7:140494248:A;ANKRD34C:15:79586350:A;LIPE:19:42914514:G;SIGLEC14:19:52147231:A;BIRC6:2:32656030:A;SOHLH2:13:36776099:T;CLIP4:2:29355097:A;PDCD1:2:242794497:G;TNFSF13B:13:108955618:T;DCHS2:4:155312429:T;RAD51AP2:2:17697685:A;FAM49A:2:16743338:T;TBC1D5:3:17446199:A;GCN1L1:12:120587454:A;PROC:2:128186434:A;PDZD2:5:32087415:A;SLCO1B3:12:21030841:C;ITGA10:1:145532618:G;ITIH3:3:52840317:A;DHX57:2:39088901:A;BLVRB:19:40957335:A;LRP2:2:170103984:A	0	metastasis	142
2	Locoregional skin metastasis 2, right mid-calf	4	PDXDC2P:16:70020344:A;C3orf55:3:157318011:T;SDK1:7:4272915:A;TRPC4:13:38320354:A;SLC6A19:5:1208864:T;GTF3C4:9:135553483:G;CXCR2:2:218999543:A;HDAC9:7:18875108:A;FAM155A:13:107863057:G;NSA2:5:74064879:G;KSR2:12:118298216:A;FLG:1:152286812:T;PSMD1:2:231934768:T;DDC:7:50531072:A;ZNF781:19:38160175:T;ORC1:1:52863363:C;GLI3:7:42004385:A;BTD:3:15686149:A;FAM193A:4:2641587:A;COL8A1:3:99513993:G;ZFR2:19:3831710:A;SLITRK3:3:164908571:T;FAM46B:1:27332768:A;SENP7:3:101044921:A;IL1B:2:113591116:T;TRHDE:12:73050745:A;MYBPC1:12:102061661:T;PGLYRP3:1:153276463:A;SLC25A48:5:135207254:A;FCRL6:1:159779295:A;LMF1:16:919930:A;AGL:1:100382014:G;SPTA1:1:158595965:T;SRPR:11:126134309:A;C15orf55:15:34645959:A;PTGS2:1:186643687:T;ACTL9:19:8808474:T;OR10G8:11:123901174:G;OR2A12:7:143793016:T;TRPV6:7:142569667:T;PHF2:9:96408053:C;ARHGAP9:12:57871033:T;SNCAIP:5:121785576:G;GJB6:13:20797125:T;B4GALNT4:11:380910:T;PRDM11:11:45204596:T;PLEKHA8:7:30084720:T;PLEKHG7:12:93139337:A;CHPF:2:220404160:A;TP53BP1:15:43714088:A;ODZ4:11:78369497:T;HSP90B3P:1:92109018:A;MAP4K1:19:39096849:A;SEC24D:4:119754803:A;AP3B2:15:83346089:T;OR1I1:19:15197998:A;FAM160A2:11:6232978:A;CLPTM1L:5:1338094:A;SLC22A25:11:62932006:A;STAC:3:36484902:A;TRIM71:3:32933094:A;ADAMTS20:12:43896072:T;HRH3:20:60791414:A;OBSCN:1:228467961:T;FSTL5:4:162307572:A;ARID3C:9:34627728:A;ZNF668:16:31075361:A;GRIP1:12:66923630:A;ALB:4:74270855:A;ZNF607:19:38190082:T;IL18RAP:2:103039780:A;KIAA0748:12:55368219:A;RSPO4:20:982801:T;FLT1:13:29012475:T;GRM3:7:86468387:A;SV2B:15:91795661:A;TLE2:19:3005730:T;FCRL3:1:157665219:A;SCRN1:7:29994949:A;DNAH5:5:13794110:T;DLGAP3:1:35365862:T;OR1J1:9:125240147:T;BCL11A:2:60689096:T;GPR156:3:119886317:A;OR2T11:1:248790413:A;ZMYM6NB:1:35449485:A;CCDC140:2:223168985:T;APOB:2:21234286:A;OR13C2:9:107367333:A;B7H6:11:17388560:T;GPR55:2:231774969:T;NTNG1:1:107867391:A;FKRP:19:47259151:T;LOC155060:7:148990647:T;ZNF609:15:64966740:T;GK2:4:80327785:A;DCAF16:4:17805668:C;ZNF407:18:72347129:A;ATP8B4:15:50336794:A;TPO:2:1426848:G;DNAH6:2:85035583:A;BCL11A:2:60688653:A;SEC16B:1:177936896:A;ANKRD27:19:33096848:A;TTN:2:179613357:A;OSBPL10:3:31921240:A;C19orf46:19:36499226:A;CSMD2:1:34015794:A;LRP1B:2:141771262:T;APCDD1:18:10485504:C;ARHGEF17:11:73073144:T;PRSS41:16:2854501:T;MAN1C1:1:25944706:T;DNAH10:12:124330581:A;C19orf18:19:58469989:T;RASIP1:19:49230400:A;TRPC4:13:38211762:T;UCP3:11:73717422:A;KANK3:19:8398751:A;SPEN:1:16245538:T;BRAF:7:140494248:A;ANKRD34C:15:79586350:A;LIPE:19:42914514:G;SIGLEC14:19:52147231:A;BIRC6:2:32656030:A;SOHLH2:13:36776099:T;CLIP4:2:29355097:A;PDCD1:2:242794497:G;TNFSF13B:13:108955618:T;DCHS2:4:155312429:T;RAD51AP2:2:17697685:A;FAM49A:2:16743338:T;TBC1D5:3:17446199:A;GCN1L1:12:120587454:A;PROC:2:128186434:A;PDZD2:5:32087415:A;SLCO1B3:12:21030841:C;ITGA10:1:145532618:G;ITIH3:3:52840317:A;DHX57:2:39088901:A;BLVRB:19:40957335:A;LRP2:2:170103984:A	1	metastasis	142
0	Primary, right lower calf	5	HERC2P3:15:20613957:A	1	primary	1
1	Locoregional skin metastasis 1, right calf	5	HERC2P3:15:20613957:A	1	metastasis	1
2	Locoregional skin metastasis 2, right mid-calf	5	HERC2P3:15:20613957:A	0	metastasis	1
0	Primary, right lower calf	6	TFRC:3:195782049:A;TGM3:20:2290427:A;MYH7B:20:33568446:T;COL20A1:20:61957048:A;GUCY2C:12:14825833:A;CYP3A5:7:99264596:T;NUDC:1:27268297:T;SPEF2:5:35779309:T;FAM189A2:9:72000782:T;ERBB4:2:212295800:T;CBLC:19:45281410:A;CTAGE1:18:19995586:A;LTK:15:41803684:A;CFLAR:2:201994744:T;WDR92:2:68384536:A;STEAP2:7:89856473:T;FAM63A:1:150974207:A;TLL1:4:166960535:T;TLR4:9:120474892:T;CPA2:7:129919430:T;EPHA5:4:66217317:T;GPR18:13:99907342:C;CD101:1:117556154:A;WBSCR27:7:73256394:A;DLG2:11:83170891:A;RBFOX1:16:7760684:T;NOSTRIN:2:169718555:G;APBA2:15:29398879:T;ARHGEF1:19:42411523:T;VWCE:11:61026686:A;SCNN1G:16:23226579:T;SLC9A10:3:111923116:C;DYRK1A:21:38884468:T;EPG5:18:43519638:C;ABCC12:16:48174794:T;LAMA3:18:21484547:A;CYP4F3:19:15758007:A;RNF17:13:25399911:A;B3GALT5:21:41033288:T;SVEP1:9:113212410:T;VCAN:5:82838004:T;HSPH1:13:31728764:G;IL1RAP:3:190366222:T;OR7G2:19:9213750:A;GRIN2A:16:9857388:T;SPATA18:4:52943125:T;PEG3:19:57328547:T;PTPRQ:12:80935525:A;LRRC31:3:169574594:T;BRD4:19:15376401:A;DOC2A:16:30021505:A;JAKMIP1:4:6043904:T;UBE3C:7:157009676:T;KIAA1107:1:92643038:T;PCNXL2:1:233275594:A;NAPSA:19:50864292:A;COL4A4:2:227906897:T;TTC7A:2:47220601:A;KIF1A:2:241660382:A;ANKRD35:1:145562428:A;PRAMEF12:1:12835246:A;TCEB3:1:24069987:A;ZNF322:9:99961727:A;DAB1:1:57528601:A;AP4B1:1:114442820:A;LPHN3:4:62761524:T;ABCG4:11:119031071:T;P2RY1:3:152554303:A;KIAA0889:20:35414988:A;AK074615:2:27346960:A;MAP1A:15:43815667:T;ANKRD26P1:16:46534234:T;ADAM29:4:175897748:A;ALB:4:74283809:T;CHRNA5:15:78882758:A;PCLO:7:82581974:T;KLHL26:19:18778771:T;CCDC30:1:43111821:T;LILRA5:19:54818773:A;DNAJA3:16:4496978:T;KSR2:12:118105309:A;OR51E1:11:4674676:A;GPR98:5:90086875:A;MUC16:19:9082689:A;TPH1:11:18062274:A;TTN:2:179427449:T;ZNF534:19:52941418:T;CHST9:18:24496615:A;COL4A3BP:5:74695139:T;OR7D4:19:9324835:T;CEACAM7:19:42187740:A;DLEC1:3:38139081:A;OR2AG2:11:6789672:T;DNAH3:16:20975021:A;OR10A2:11:6891040:T;VWA5A:11:124012390:T;DLL4:15:41226888:T;FAM5C:1:190068030:A;SLITRK1:13:84453997:A;SLC9A4:2:103095455:T;CACNA1D:3:53756425:T;ZNF385A:12:54767848:A;THADA:2:43520309:A;ADAM29:4:175899068:T;C11orf75:11:93212221:A;NPEPL1:20:57269601:C;OR10K1:1:158435873:T;SCN1A:2:166897748:T;UGT3A1:5:35991303:A;CES4A:16:67037233:A;CREB3L2:7:137569661:A;RAPGEF6:5:130797520:T;XIRP1:3:39230819:T;GRM8:7:126173218:A;LPPR4:1:99771778:T;KNTC1:12:123071262:T;LY9:1:160784587:T;MUC16:19:9049959:A;ERC2:3:56041241:T;OR1C1:1:247921526:A;C15orf2:15:24924170:T;UNC93B1:11:67767009:A;BFSP2:3:133191296:T;CHRNA4:20:61982185:C;KIF21B:1:200978598:T;ITPKC:19:41235293:T;SLC13A4:7:135390879:C;RAB27B:18:52551654:T;CTAGE1:18:19997603:T;C12orf63:12:97112235:A;TGM3:20:2308851:A;ACHE:7:100490921:A;FREM2:13:39264977:T;MAGI3:1:114225588:A;ODZ4:11:78516463:T;RSAD2:2:7018238:A;TNR:1:175299306:T;B3GNT2:2:62449787:A;POLN:4:2230905:A;BAC05914.1:7:143839400:T;CDH8:16:61935362:T;PRIC285:20:62192594:A;UNC13C:15:54860027:A;LDLR:19:11217269:T;KIAA1804:1:233515291:T;YTHDC2:5:112920041:A;C2orf89:2:85051233:A;NOTCH1:9:139413926:A;ZNF560:19:9579828:A;CSMD2:1:33990609:T;RANBP10:16:67765428:T;EDC4:16:67915423:A;PCSK9:1:55509557:A;KRTAP27-1:21:31709534:A;CCDC130:19:13869685:T;SH2D3C:9:130507086:T;FGFRL1:4:1018138:T;TRPM3:9:73479374:A;SWAP70:11:9749696:T;C9orf79:9:90503380:T;SAR1B:5:133945338:A;KDM4B:19:5137659:A;WDR69:2:228767728:T;FRMD5:15:44184262:T;IFT81:12:110584818:T;C16orf96:16:4625739:T;C1orf173:1:75037692:A;DNAH7:2:196723312:T;MYF5:12:81112808:A;DNAH14:1:225339761:T;FAT3:11:92624013:A;KLHL30:2:239054448:T;MUC16:19:9004881:A;INHBA:7:41730107:A;ORC6:16:46731477:T;ZC3H7A:16:11861319:G;ATP1A1:1:116926718:A;KCNAB1:3:155861151:A;FAM71A:1:212798493:A;FBN3:19:8203059:T;TAOK2:16:29993193:T;PRKAG2:7:151372606:A;ZBTB46:20:62421195:A;CEACAM5:19:42223926:A;DNAH14:1:225490962:T;MLL2:12:49434034:A;FAM83C:20:33875307:A;OR4C11:11:55371088:A;LAYN:11:111430885:A;MUC5B:11:1274056:T;SLC12A5:20:44680505:T;BCO2:11:112085692:A;CACNA1B:9:140997212:T;SRCAP:16:30723717:T;IL9:5:135231484:C;TMEM134:11:67236549:T;WDR63:1:85564225:T;WDR66:12:122361864:T;OR51B5:11:5364553:T;TAS2R14:12:11091013:A;CYP4Z1:1:47533207:A;NPHP4:1:6012871:A;UNC13C:15:54306434:G;RAPGEF3:12:48143524:T;MYH15:3:108107918:A;AMDHD2:16:2580571:T;SCFD2:4:53751933:A;EPHB4:7:100403265:A;NPR1:1:153654203:T;NPHS2:1:179528852:A;DRD2:11:113295230:A;SMARCA4:19:11132434:T;WWC2:4:184207163:T;SERPINB4:18:61324524:T;ADAR:1:154557453:A;OR8I2:11:55860845:A;GAS8:16:90108884:T;SLC9A2:2:103274237:A;AMIGO2:12:47471644:A;LRCH4:7:100179730:A;NLRP7:19:55450718:T;VAT1L:16:78011552:A;EMR4P:19:6972293:A;SULT2A1:19:48386951:A;KRT1:12:53074017:T;BFSP1:20:17475391:T;C3orf24:3:10146266:T;EIF4E3:3:71759631:A;LYST:1:235969706:C;ADH6:4:100134872:T;CCR8:3:39374000:T;OR5W2:11:55681990:T;VSTM2B:19:30018242:A;APBA1:9:72055936:A;NLRP12:19:54304583:T;DECR2:16:460735:T;CCDC141:2:179701833:A;OR10A6:11:7950174:A;PPEF2:4:76811168:A;PDE6B:4:656405:A;TRPC4:13:38320505:T;ODZ3:4:183664511:A;EDNRA:4:148453787:A;ALS2CL:3:46722995:A;LRP1B:2:141081574:A;ITM2C:2:231740342:A;ICAM4:19:10398294:T;NUP93:16:56832440:T;EYA2:20:45702804:T;UNC13C:15:54305661:A;NXNL1:19:17571545:A;LSM4:19:18423417:A;CCNI:4:77977464:T;HEATR7B2:5:41000903:A;SCAPER:15:77025699:A;STXBP2:19:7712100:T;MYCBP2:13:77756052:A;PROKR2:20:5282723:A;MRPS2:9:138395673:T;DLGAP1:18:3879592:A;YIPF7:4:44626735:A;CCDC33:15:74610944:A;ZNF442:19:12461479:A;DDX60:4:169197263:C;FKBP6:7:72742303:A;DOCK3:3:51312575:A;MUC16:19:9012839:T;OR52E8:11:5878254:A;MBD3L1:19:8953571:A;SNED1:2:242003071:A;APLP1:19:36362774:A;PIEZO2:18:10759547:T;DMPK:19:46275969:A;OR56A5:11:5988811:T;L3MBTL1:20:42143359:A;KCNT2:1:196448347:A;WHSC1:4:1961251:T;WNK2:9:96051877:A;OAZ3:1:151739774:T;NTM:11:132180045:T;OLFR959:11:124029760:T;OR14I1:1:248844920:T;IKZF2:2:213914443:A;COQ7:16:19079044:T;C2orf89:2:85097784:A;PPP1R16B:20:37536450:T;COL4A1:13:110831329:T;ZC3H4:19:47569959:C;CELF1:11:47500490:A;RYR1:19:38942487:A;MICALL2:7:1484721:A;MLL4:19:36219891:T;ANK2:4:114279018:T;MUC17:7:100683071:T;KANK2:19:11289038:A;RFX4:12:107144441:A;LRIG1:3:66501990:A;LEPREL1:3:189692379:T;CERKL:2:182430844:T;OR9K2:12:55524539:A;ADAMTS19:5:129037128:A;POLR3B:12:106853139:T;CACNG3:16:24372998:T;PRODH2:19:36291008:T;AGRN:1:984814:T;DDX6:11:118635981:A;PLCZ1:12:18854670:T;MLH1:3:37035085:G;OR6P1:1:158532573:A;MUC5B:11:1263918:T;GIMAP8:7:150174830:A;NBAS:2:15615878:A;DNAH7:2:196753694:T;PPFIA2:12:81833811:T;ATP9A:20:50313983:T;HNRNPM:19:8551222:T;SNAP25:20:10279941:A;SMARCA4:19:11113794:T;C16orf85:16:88620273:T;LSM6:4:147108494:T;SPPL2B:19:2344400:T;FOXP2:7:114299687:T;CASC5:15:40914411:T;IMMT:2:86371856:C;ABCA12:2:215851424:A;GRID2:4:94344113:T;CHML:1:241797372:A;NDST4:4:115997880:A;PCSK5:9:78547381:T;SIPA1L3:19:38610197:T;SIRPB2:20:1471952:A;SWI5:9:131038662:T;DMGDH:5:78326698:A;ZNF512B:20:62599244:C;ATF3:1:212788507:T;PER3:1:7858627:T;TMCO3:13:114193782:T;IFITM5:11:299466:T;ATP6V0A2:12:124228468:A;TRRAP:7:98553870:T;TXNDC2:18:9888103:A;C11orf51:11:71823755:A;MACC1:7:20198202:T;MARCO:2:119751983:A;GPR98:5:90070057:A;ZFP91:11:58384672:G;MRPL21:11:68665451:A;SLC41A2:12:105289086:T;PDHA2:4:96762379:A;TMC7:16:19020697:T;CD33:19:51729282:A;ABL2:1:179077165:A;CDK18:1:205499766:T;ODAM:4:71062283:A;LSM14B:20:60705606:T;MAGI1:3:65349200:T;OR8J3:11:55904569:T;LPAR3:1:85279722:A;ATP13A5:3:193051577:T;OR8G2:11:124095730:A;SORL1:11:121420750:T;AGTR1:3:148459740:A;PAH:12:103249089:T;TMEM147:19:36038269:G;C2orf78:2:74042913:A;IL1RL2:2:102835496:A;PRR23B:3:138738872:A;SLC29A4:7:5330371:A;NBEA:13:35729983:T;SCIN:7:12668777:A;YARS2:12:32902938:A;RPGRIP1L:16:53679639:A;MPHOSPH9:12:123682850:T;TNS1:2:218700757:A;TTN:2:179634535:T;C18orf34:18:30903589:A;BMP7:20:55803374:A;OR52A5:11:5153246:A;OR7G3:19:9237177:A;GRIN2B:12:13906748:A;LIMCH1:4:41652455:A;CCDC108:2:219892926:A;PODXL2:3:127379960:A;IGF1R:15:99251169:T;CST2:20:23805892:A;KLK6:19:51471333:A;TSPEAR:21:45953662:A;ITSN1:21:35229062:A;LAMA3:18:21327947:T;AMBRA1:11:46430092:A;OR5K4:3:98072713:T;MUC17:7:100679232:A;STON1-GTF2A1L:2:49003435:C;CACNB4:2:152726921:T;SERGEF:11:18026002:A;APOBR:16:28509078:A;DCC:18:50912460:A;PIK3C2G:12:18641487:T;TNFSF11:13:43181041:A;ANO1:11:69934154:T;PPFIA3:19:49632188:T;KLHDC8A:1:205308800:A;GTF3C1:16:27473647:A;SIGLEC8:19:51955758:T;AHNAK:11:62300643:A;PZP:12:9312540:C;GCN1L1:12:120572412:A;PARP8:5:50125763:A;DUSP27:1:167096871:A;ZNF880:19:52888183:T;SIK1:21:44841649:G;DLX2:2:172965544:T;GRIP1:12:66826329:G;OR8D4:11:123777650:T;FAT4:4:126240916:T;CSMD2:1:34498244:A;PHACTR3:20:58416569:A;MEFV:16:3294026:T;CLEC17A:19:14710598:T;DNHD1:11:6519530:C;PTPRB:12:71016405:A;POLQ:3:121230845:T;ZNF486:19:20296841:A;CALR3:19:16590028:T;TH:11:2192926:T;STK32B:4:5448480:A;KIAA1683:19:18378019:A;MRPS26:20:3026824:T;GPR97:16:57714265:T;ARHGEF18:19:7532468:T;MS4A14:11:60184435:G;CCDC108:2:219878298:A;KBTBD12:3:127702942:T;CLCA4:1:87031024:A;DNAH12:3:57368829:A;SVEP1:9:113170717:A;UCP2:11:73689086:T;NKD2:5:1038132:G;GNAO1:16:56374868:T;SLC1A3:5:36680559:C;CHEK1:11:125496675:T;CELF3:1:151681752:A;CREB3L2:7:137590468:A;ARHGAP29:1:94668691:A;PAM:5:102309966:T;CLEC5A:7:141635657:T;FARSA:19:13041110:A;IGFL3:19:46627355:T;CD1E:1:158325207:T;NRAS:1:115256530:T;SPTBN5:15:42172458:A;ACSM2A:16:20489907:A;ZFP30:19:38134229:T;CSMD2:1:34071065:T;TIE1:1:43775061:T;EPHA10:1:38227621:A;MUC5B:11:1270383:A;CCDC73:11:32636489:T;CPNE4:3:131261610:T;LEKR1:3:156763138:T;LRBA:4:151356749:T;ITGB2:21:46326859:A;MUC16:19:9068125:T;PCDH8:13:53420910:T;KRIT1:7:91870320:A;ALDH2:12:112221069:T;B3GALT2:1:193150501:T;GIMAP1:7:150417209:A;LGALS16:19:40148579:A;LMX1A:1:165182887:A;GAP43:3:115394956:T;TMEM132A:11:60702756:A;SLITRK6:13:86368261:T;MOGAT3:7:100839272:T;KRTAP10-4:21:45994663:T;BEND4:4:42145559:T;PTPRB:12:70986067:T;PKNOX1:21:44450202:T;XIRP2:2:168105224:T;PLEKHM2:1:16059201:T;DNAJA2:16:46992983:T;IRF2BP1:19:46387406:T;ZBTB6:9:125673824:A;PI3:20:43804564:T;PTPRQ:12:80936119:T;QSOX2:9:139110945:A;HCLS1:3:121350826:T;ISM1:20:13260484:A;DUOXA1:15:45409939:A;MLL4:19:36210431:T;C2orf77:2:170510671:T;SAMD9:7:92732760:A;PACS1:11:65960993:T;ZNF804B:7:88965299:A;MAP4K2:11:64559397:T;CFHR5:1:196953098:C;CBLN4:20:54573721:T;CACNA1E:1:181764059:G;CSMD2:1:34401380:A;DIRAS2:9:93375681:T;KL:13:33627918:T;LRRC42:1:54417912:A;CASS4:20:55027226:T;SEMG2:20:43850449:T;LRRC10:12:70004235:A;SYCP1:1:115527479:T;FAM117B:2:203630447:C;OR2A5:7:143747556:A;CDH7:18:63527019:A;SPTBN2:11:66483354:A;DPP3:11:66264785:T;PTPN13:4:87728945:T;WEE2:7:141427138:T;MAP4:3:47953462:A;SEC14L5:16:5055956:T;FLJ11235:5:111755723:A;ST8SIA4:5:100222081:T;SPIRE1:18:12493172:A;STARD9:15:42977735:T;UBIAD1:1:11334115:A;OR6B1:7:143701313:T;MUC17:7:100681643:C;MTNR1A:4:187455170:T;DSCAM:21:41725436:C;IL4I1:19:50397559:A;TLL1:4:166946521:T;RNF152:18:59483224:T;DCST1:1:155019686:A;PLIN4:19:4512869:C;CFHR3:1:196748423:A;ARHGAP30:1:161022277:A;MAN2A2:15:91449082:T;ZFHX3:16:72829896:A;MTHFD2L:4:75065613:T;BBS7:4:122780197:A;SHANK1:19:51165890:A;STAB1:3:52549479:T;TACR3:4:104512644:T;FAM40A:1:110577385:T;CLSTN2:3:140277672:A;TLN2:15:63029118:A;FLG2:1:152328112:A;PTPRB:12:70988417:T;COL8A1:3:99513558:A;PPP1R21:2:48713859:T;CNGA1:4:47939364:A;OR52A1:11:5172968:T;PCLO:7:82784993:T;ZNF791:19:12739223:T;TRAPPC11:4:184606283:T;NOTCH3:19:15271734:A;PSG8:19:43268142:A;FOXK1:7:4780610:T;S100P:4:6695709:A;C16orf96:16:4625936:A;GABRB3:15:26793073:T;C9orf172:9:139740519:A;IL7R:5:35876276:T;CERCAM:9:131183315:A;AK5:1:78001603:A;PLA2G16:11:63357680:A;PAPPA2:1:176738746:A;INSM1:20:20350048:A;FLNC:7:128485078:A;FREM2:13:39265910:T;CILP:15:65490745:A;LY9:1:160793998:A;PPP1R3A:7:113519545:A;C7orf61:7:100061138:A;PCSK6:15:101853562:T;RBM15:1:110884323:T;RGS7:1:241262042:T;OTUD7B:1:149916082:A;MUC16:19:9047839:A;CARHSP1:16:8949175:T;CYBRD1:2:172409887:T;LRRK1:15:101593476:T;SAMSN1:21:15954466:A;NPC1L1:7:44576011:T;TFF1:21:43786545:T;MUC16:19:9083472:T;FGA:4:155507145:A;CAMK2B:7:44268635:A;COL6A1:21:47412307:A;DEFB126:20:126202:T;OR2T4:1:248525317:T;HS6ST3:13:96743357:A;ADAMTS16:5:5237177:A;ZNF304:19:57868978:T;HYAL3:3:50332992:A;ZAN:7:100352931:T;INSR:19:7184614:A;CD3E:11:118183553:A;CEACAM20:19:45026805:A;COL6A3:2:238283300:T;FCAMR:1:207131908:A;GRID2IP:7:6561071:A;SHANK2:11:70336464:C;NXF1:11:62570926:A;EMILIN2:18:2891838:A;GPC6:13:94482818:T;OR52R1:11:4825480:T;COL4A2:13:111147784:T;NCKAP5:2:133541128:A;NLRP11:19:56300209:T;PAPSS1:4:108566016:A;TBC1D20:20:419801:A;CCKAR:4:26483318:T;FBXL7:5:15937130:T;ATP6V0A4:7:138437429:T;LOC440040:11:49598369:C;OR4X1:11:48285733:T;CARD11:7:2968280:T;C16orf95:16:87349387:A;SLC13A1:7:122768942:A;HEATR7B2:5:41057426:T;DNAH5:5:13763005:A;FHAD1:1:15671982:A;PLEKHH2:2:43969993:A;TCP11L2:12:106715415:C;MYOC:1:171621580:T;GABRA2:4:46258286:A;FZD1:7:90895750:G;OR10H3:19:15852540:T;CA5A:16:87960381:T;OR4N3P:15:22414329:T;POLR2G:11:62530445:G;MUC16:19:9060020:A;SWT1:1:185191084:T;POGZ:1:151378358:A;COL4A3:2:228128532:A;GYPA:4:145038046:T;ADAMTS20:12:43846083:T;CACNA1B:9:141014664:T;ZIM2:19:57286167:T;C8B:1:57399072:A;EXD1:15:41522687:A;OR10G8:11:123900560:T;FAM160A2:11:6238985:T;FOXF1:16:86546616:T;FLG:1:152284603:A;ZNF274:19:58723952:T;ATP13A1:19:19762520:A;ECE2:3:184008402:T;OR8B4:11:124294619:T;ZC3H4:19:47572583:T;CFHR5:1:196977671:A;TUBA3C:13:19752424:T;ITGA7:12:56094114:A;CDH11:16:65032511:A;DSCAML1:11:117651346:G;ANO4:12:101505426:T;TDRD12:19:33306408:T;RRH:4:110758671:T;TMEM2:9:74365273:A;PCNT:21:47831363:T;HIF3A:19:46815540:T;BCO2:11:112070440:C;CDH8:16:61851611:A;SPTBN2:11:66472735:T;ABCC8:11:17432126:T;ZNF564:19:12637494:A;KCNQ1:11:2591888:A;CTNND2:5:10973627:A;NLRP5:19:56565138:A;CENPL:1:173775629:A;WNT2:7:116955312:A;ZSWIM3:20:44507262:T;ZSCAN18:19:58596507:A;SGMS2:4:108816715:G;ARHGAP40:20:37267970:A;C19orf69:19:41949175:A;IL12RB1:19:18192971:A;MYL1:2:211163161:T;SIGLEC11:19:50453412:T;NLRP11:19:56320323:T;FAM70B:13:114469437:A;TSPAN2:1:115615589:A;TNFRSF11A:18:60036211:T;CHRNA9:4:40351288:T;FZR1:19:3531940:T;GLIS1:1:54060088:T;OR56B1:11:5757825:T;NAV1:1:201709196:T;SLAMF6:1:160456896:T;TRANK1:3:36893236:A;MRGPRX1:11:18955401:T;ADAMTS6:5:64587179:C;OR1J2:9:125273986:A;OR4S1:11:48328350:A;ADAMTS4:1:161165313:T;NLRP10:11:7981821:A;TLR4:9:120475693:T;SPOCK3:4:167675875:T;ATP11A:13:113510265:A;ZNF536:19:30935376:C;PEBP1:12:118575929:T;ACSM1:16:20651901:T;MMD2:7:4949515:A;NETO2:16:47143580:T;KIAA1324:1:109731797:T;ZNF213:16:3187728:T;ARNT:1:150812123:A;SLCO1B7:12:21200012:T;RGS7BP:5:63890537:A;RAB11FIP5:2:73303263:A;SLC44A5:1:75679438:T;ITPKC:19:41239257:T;UMODL1:21:43519211:A;RGL3:19:11510727:A;MUC4:3:195517904:C;DNAH5:5:13830199:A	1	primary	712
1	Locoregional skin metastasis 1, right calf	6	TFRC:3:195782049:A;TGM3:20:2290427:A;MYH7B:20:33568446:T;COL20A1:20:61957048:A;GUCY2C:12:14825833:A;CYP3A5:7:99264596:T;NUDC:1:27268297:T;SPEF2:5:35779309:T;FAM189A2:9:72000782:T;ERBB4:2:212295800:T;CBLC:19:45281410:A;CTAGE1:18:19995586:A;LTK:15:41803684:A;CFLAR:2:201994744:T;WDR92:2:68384536:A;STEAP2:7:89856473:T;FAM63A:1:150974207:A;TLL1:4:166960535:T;TLR4:9:120474892:T;CPA2:7:129919430:T;EPHA5:4:66217317:T;GPR18:13:99907342:C;CD101:1:117556154:A;WBSCR27:7:73256394:A;DLG2:11:83170891:A;RBFOX1:16:7760684:T;NOSTRIN:2:169718555:G;APBA2:15:29398879:T;ARHGEF1:19:42411523:T;VWCE:11:61026686:A;SCNN1G:16:23226579:T;SLC9A10:3:111923116:C;DYRK1A:21:38884468:T;EPG5:18:43519638:C;ABCC12:16:48174794:T;LAMA3:18:21484547:A;CYP4F3:19:15758007:A;RNF17:13:25399911:A;B3GALT5:21:41033288:T;SVEP1:9:113212410:T;VCAN:5:82838004:T;HSPH1:13:31728764:G;IL1RAP:3:190366222:T;OR7G2:19:9213750:A;GRIN2A:16:9857388:T;SPATA18:4:52943125:T;PEG3:19:57328547:T;PTPRQ:12:80935525:A;LRRC31:3:169574594:T;BRD4:19:15376401:A;DOC2A:16:30021505:A;JAKMIP1:4:6043904:T;UBE3C:7:157009676:T;KIAA1107:1:92643038:T;PCNXL2:1:233275594:A;NAPSA:19:50864292:A;COL4A4:2:227906897:T;TTC7A:2:47220601:A;KIF1A:2:241660382:A;ANKRD35:1:145562428:A;PRAMEF12:1:12835246:A;TCEB3:1:24069987:A;ZNF322:9:99961727:A;DAB1:1:57528601:A;AP4B1:1:114442820:A;LPHN3:4:62761524:T;ABCG4:11:119031071:T;P2RY1:3:152554303:A;KIAA0889:20:35414988:A;AK074615:2:27346960:A;MAP1A:15:43815667:T;ANKRD26P1:16:46534234:T;ADAM29:4:175897748:A;ALB:4:74283809:T;CHRNA5:15:78882758:A;PCLO:7:82581974:T;KLHL26:19:18778771:T;CCDC30:1:43111821:T;LILRA5:19:54818773:A;DNAJA3:16:4496978:T;KSR2:12:118105309:A;OR51E1:11:4674676:A;GPR98:5:90086875:A;MUC16:19:9082689:A;TPH1:11:18062274:A;TTN:2:179427449:T;ZNF534:19:52941418:T;CHST9:18:24496615:A;COL4A3BP:5:74695139:T;OR7D4:19:9324835:T;CEACAM7:19:42187740:A;DLEC1:3:38139081:A;OR2AG2:11:6789672:T;DNAH3:16:20975021:A;OR10A2:11:6891040:T;VWA5A:11:124012390:T;DLL4:15:41226888:T;FAM5C:1:190068030:A;SLITRK1:13:84453997:A;SLC9A4:2:103095455:T;CACNA1D:3:53756425:T;ZNF385A:12:54767848:A;THADA:2:43520309:A;ADAM29:4:175899068:T;C11orf75:11:93212221:A;NPEPL1:20:57269601:C;OR10K1:1:158435873:T;SCN1A:2:166897748:T;UGT3A1:5:35991303:A;CES4A:16:67037233:A;CREB3L2:7:137569661:A;RAPGEF6:5:130797520:T;XIRP1:3:39230819:T;GRM8:7:126173218:A;LPPR4:1:99771778:T;KNTC1:12:123071262:T;LY9:1:160784587:T;MUC16:19:9049959:A;ERC2:3:56041241:T;OR1C1:1:247921526:A;C15orf2:15:24924170:T;UNC93B1:11:67767009:A;BFSP2:3:133191296:T;CHRNA4:20:61982185:C;KIF21B:1:200978598:T;ITPKC:19:41235293:T;SLC13A4:7:135390879:C;RAB27B:18:52551654:T;CTAGE1:18:19997603:T;C12orf63:12:97112235:A;TGM3:20:2308851:A;ACHE:7:100490921:A;FREM2:13:39264977:T;MAGI3:1:114225588:A;ODZ4:11:78516463:T;RSAD2:2:7018238:A;TNR:1:175299306:T;B3GNT2:2:62449787:A;POLN:4:2230905:A;BAC05914.1:7:143839400:T;CDH8:16:61935362:T;PRIC285:20:62192594:A;UNC13C:15:54860027:A;LDLR:19:11217269:T;KIAA1804:1:233515291:T;YTHDC2:5:112920041:A;C2orf89:2:85051233:A;NOTCH1:9:139413926:A;ZNF560:19:9579828:A;CSMD2:1:33990609:T;RANBP10:16:67765428:T;EDC4:16:67915423:A;PCSK9:1:55509557:A;KRTAP27-1:21:31709534:A;CCDC130:19:13869685:T;SH2D3C:9:130507086:T;FGFRL1:4:1018138:T;TRPM3:9:73479374:A;SWAP70:11:9749696:T;C9orf79:9:90503380:T;SAR1B:5:133945338:A;KDM4B:19:5137659:A;WDR69:2:228767728:T;FRMD5:15:44184262:T;IFT81:12:110584818:T;C16orf96:16:4625739:T;C1orf173:1:75037692:A;DNAH7:2:196723312:T;MYF5:12:81112808:A;DNAH14:1:225339761:T;FAT3:11:92624013:A;KLHL30:2:239054448:T;MUC16:19:9004881:A;INHBA:7:41730107:A;ORC6:16:46731477:T;ZC3H7A:16:11861319:G;ATP1A1:1:116926718:A;KCNAB1:3:155861151:A;FAM71A:1:212798493:A;FBN3:19:8203059:T;TAOK2:16:29993193:T;PRKAG2:7:151372606:A;ZBTB46:20:62421195:A;CEACAM5:19:42223926:A;DNAH14:1:225490962:T;MLL2:12:49434034:A;FAM83C:20:33875307:A;OR4C11:11:55371088:A;LAYN:11:111430885:A;MUC5B:11:1274056:T;SLC12A5:20:44680505:T;BCO2:11:112085692:A;CACNA1B:9:140997212:T;SRCAP:16:30723717:T;IL9:5:135231484:C;TMEM134:11:67236549:T;WDR63:1:85564225:T;WDR66:12:122361864:T;OR51B5:11:5364553:T;TAS2R14:12:11091013:A;CYP4Z1:1:47533207:A;NPHP4:1:6012871:A;UNC13C:15:54306434:G;RAPGEF3:12:48143524:T;MYH15:3:108107918:A;AMDHD2:16:2580571:T;SCFD2:4:53751933:A;EPHB4:7:100403265:A;NPR1:1:153654203:T;NPHS2:1:179528852:A;DRD2:11:113295230:A;SMARCA4:19:11132434:T;WWC2:4:184207163:T;SERPINB4:18:61324524:T;ADAR:1:154557453:A;OR8I2:11:55860845:A;GAS8:16:90108884:T;SLC9A2:2:103274237:A;AMIGO2:12:47471644:A;LRCH4:7:100179730:A;NLRP7:19:55450718:T;VAT1L:16:78011552:A;EMR4P:19:6972293:A;SULT2A1:19:48386951:A;KRT1:12:53074017:T;BFSP1:20:17475391:T;C3orf24:3:10146266:T;EIF4E3:3:71759631:A;LYST:1:235969706:C;ADH6:4:100134872:T;CCR8:3:39374000:T;OR5W2:11:55681990:T;VSTM2B:19:30018242:A;APBA1:9:72055936:A;NLRP12:19:54304583:T;DECR2:16:460735:T;CCDC141:2:179701833:A;OR10A6:11:7950174:A;PPEF2:4:76811168:A;PDE6B:4:656405:A;TRPC4:13:38320505:T;ODZ3:4:183664511:A;EDNRA:4:148453787:A;ALS2CL:3:46722995:A;LRP1B:2:141081574:A;ITM2C:2:231740342:A;ICAM4:19:10398294:T;NUP93:16:56832440:T;EYA2:20:45702804:T;UNC13C:15:54305661:A;NXNL1:19:17571545:A;LSM4:19:18423417:A;CCNI:4:77977464:T;HEATR7B2:5:41000903:A;SCAPER:15:77025699:A;STXBP2:19:7712100:T;MYCBP2:13:77756052:A;PROKR2:20:5282723:A;MRPS2:9:138395673:T;DLGAP1:18:3879592:A;YIPF7:4:44626735:A;CCDC33:15:74610944:A;ZNF442:19:12461479:A;DDX60:4:169197263:C;FKBP6:7:72742303:A;DOCK3:3:51312575:A;MUC16:19:9012839:T;OR52E8:11:5878254:A;MBD3L1:19:8953571:A;SNED1:2:242003071:A;APLP1:19:36362774:A;PIEZO2:18:10759547:T;DMPK:19:46275969:A;OR56A5:11:5988811:T;L3MBTL1:20:42143359:A;KCNT2:1:196448347:A;WHSC1:4:1961251:T;WNK2:9:96051877:A;OAZ3:1:151739774:T;NTM:11:132180045:T;OLFR959:11:124029760:T;OR14I1:1:248844920:T;IKZF2:2:213914443:A;COQ7:16:19079044:T;C2orf89:2:85097784:A;PPP1R16B:20:37536450:T;COL4A1:13:110831329:T;ZC3H4:19:47569959:C;CELF1:11:47500490:A;RYR1:19:38942487:A;MICALL2:7:1484721:A;MLL4:19:36219891:T;ANK2:4:114279018:T;MUC17:7:100683071:T;KANK2:19:11289038:A;RFX4:12:107144441:A;LRIG1:3:66501990:A;LEPREL1:3:189692379:T;CERKL:2:182430844:T;OR9K2:12:55524539:A;ADAMTS19:5:129037128:A;POLR3B:12:106853139:T;CACNG3:16:24372998:T;PRODH2:19:36291008:T;AGRN:1:984814:T;DDX6:11:118635981:A;PLCZ1:12:18854670:T;MLH1:3:37035085:G;OR6P1:1:158532573:A;MUC5B:11:1263918:T;GIMAP8:7:150174830:A;NBAS:2:15615878:A;DNAH7:2:196753694:T;PPFIA2:12:81833811:T;ATP9A:20:50313983:T;HNRNPM:19:8551222:T;SNAP25:20:10279941:A;SMARCA4:19:11113794:T;C16orf85:16:88620273:T;LSM6:4:147108494:T;SPPL2B:19:2344400:T;FOXP2:7:114299687:T;CASC5:15:40914411:T;IMMT:2:86371856:C;ABCA12:2:215851424:A;GRID2:4:94344113:T;CHML:1:241797372:A;NDST4:4:115997880:A;PCSK5:9:78547381:T;SIPA1L3:19:38610197:T;SIRPB2:20:1471952:A;SWI5:9:131038662:T;DMGDH:5:78326698:A;ZNF512B:20:62599244:C;ATF3:1:212788507:T;PER3:1:7858627:T;TMCO3:13:114193782:T;IFITM5:11:299466:T;ATP6V0A2:12:124228468:A;TRRAP:7:98553870:T;TXNDC2:18:9888103:A;C11orf51:11:71823755:A;MACC1:7:20198202:T;MARCO:2:119751983:A;GPR98:5:90070057:A;ZFP91:11:58384672:G;MRPL21:11:68665451:A;SLC41A2:12:105289086:T;PDHA2:4:96762379:A;TMC7:16:19020697:T;CD33:19:51729282:A;ABL2:1:179077165:A;CDK18:1:205499766:T;ODAM:4:71062283:A;LSM14B:20:60705606:T;MAGI1:3:65349200:T;OR8J3:11:55904569:T;LPAR3:1:85279722:A;ATP13A5:3:193051577:T;OR8G2:11:124095730:A;SORL1:11:121420750:T;AGTR1:3:148459740:A;PAH:12:103249089:T;TMEM147:19:36038269:G;C2orf78:2:74042913:A;IL1RL2:2:102835496:A;PRR23B:3:138738872:A;SLC29A4:7:5330371:A;NBEA:13:35729983:T;SCIN:7:12668777:A;YARS2:12:32902938:A;RPGRIP1L:16:53679639:A;MPHOSPH9:12:123682850:T;TNS1:2:218700757:A;TTN:2:179634535:T;C18orf34:18:30903589:A;BMP7:20:55803374:A;OR52A5:11:5153246:A;OR7G3:19:9237177:A;GRIN2B:12:13906748:A;LIMCH1:4:41652455:A;CCDC108:2:219892926:A;PODXL2:3:127379960:A;IGF1R:15:99251169:T;CST2:20:23805892:A;KLK6:19:51471333:A;TSPEAR:21:45953662:A;ITSN1:21:35229062:A;LAMA3:18:21327947:T;AMBRA1:11:46430092:A;OR5K4:3:98072713:T;MUC17:7:100679232:A;STON1-GTF2A1L:2:49003435:C;CACNB4:2:152726921:T;SERGEF:11:18026002:A;APOBR:16:28509078:A;DCC:18:50912460:A;PIK3C2G:12:18641487:T;TNFSF11:13:43181041:A;ANO1:11:69934154:T;PPFIA3:19:49632188:T;KLHDC8A:1:205308800:A;GTF3C1:16:27473647:A;SIGLEC8:19:51955758:T;AHNAK:11:62300643:A;PZP:12:9312540:C;GCN1L1:12:120572412:A;PARP8:5:50125763:A;DUSP27:1:167096871:A;ZNF880:19:52888183:T;SIK1:21:44841649:G;DLX2:2:172965544:T;GRIP1:12:66826329:G;OR8D4:11:123777650:T;FAT4:4:126240916:T;CSMD2:1:34498244:A;PHACTR3:20:58416569:A;MEFV:16:3294026:T;CLEC17A:19:14710598:T;DNHD1:11:6519530:C;PTPRB:12:71016405:A;POLQ:3:121230845:T;ZNF486:19:20296841:A;CALR3:19:16590028:T;TH:11:2192926:T;STK32B:4:5448480:A;KIAA1683:19:18378019:A;MRPS26:20:3026824:T;GPR97:16:57714265:T;ARHGEF18:19:7532468:T;MS4A14:11:60184435:G;CCDC108:2:219878298:A;KBTBD12:3:127702942:T;CLCA4:1:87031024:A;DNAH12:3:57368829:A;SVEP1:9:113170717:A;UCP2:11:73689086:T;NKD2:5:1038132:G;GNAO1:16:56374868:T;SLC1A3:5:36680559:C;CHEK1:11:125496675:T;CELF3:1:151681752:A;CREB3L2:7:137590468:A;ARHGAP29:1:94668691:A;PAM:5:102309966:T;CLEC5A:7:141635657:T;FARSA:19:13041110:A;IGFL3:19:46627355:T;CD1E:1:158325207:T;NRAS:1:115256530:T;SPTBN5:15:42172458:A;ACSM2A:16:20489907:A;ZFP30:19:38134229:T;CSMD2:1:34071065:T;TIE1:1:43775061:T;EPHA10:1:38227621:A;MUC5B:11:1270383:A;CCDC73:11:32636489:T;CPNE4:3:131261610:T;LEKR1:3:156763138:T;LRBA:4:151356749:T;ITGB2:21:46326859:A;MUC16:19:9068125:T;PCDH8:13:53420910:T;KRIT1:7:91870320:A;ALDH2:12:112221069:T;B3GALT2:1:193150501:T;GIMAP1:7:150417209:A;LGALS16:19:40148579:A;LMX1A:1:165182887:A;GAP43:3:115394956:T;TMEM132A:11:60702756:A;SLITRK6:13:86368261:T;MOGAT3:7:100839272:T;KRTAP10-4:21:45994663:T;BEND4:4:42145559:T;PTPRB:12:70986067:T;PKNOX1:21:44450202:T;XIRP2:2:168105224:T;PLEKHM2:1:16059201:T;DNAJA2:16:46992983:T;IRF2BP1:19:46387406:T;ZBTB6:9:125673824:A;PI3:20:43804564:T;PTPRQ:12:80936119:T;QSOX2:9:139110945:A;HCLS1:3:121350826:T;ISM1:20:13260484:A;DUOXA1:15:45409939:A;MLL4:19:36210431:T;C2orf77:2:170510671:T;SAMD9:7:92732760:A;PACS1:11:65960993:T;ZNF804B:7:88965299:A;MAP4K2:11:64559397:T;CFHR5:1:196953098:C;CBLN4:20:54573721:T;CACNA1E:1:181764059:G;CSMD2:1:34401380:A;DIRAS2:9:93375681:T;KL:13:33627918:T;LRRC42:1:54417912:A;CASS4:20:55027226:T;SEMG2:20:43850449:T;LRRC10:12:70004235:A;SYCP1:1:115527479:T;FAM117B:2:203630447:C;OR2A5:7:143747556:A;CDH7:18:63527019:A;SPTBN2:11:66483354:A;DPP3:11:66264785:T;PTPN13:4:87728945:T;WEE2:7:141427138:T;MAP4:3:47953462:A;SEC14L5:16:5055956:T;FLJ11235:5:111755723:A;ST8SIA4:5:100222081:T;SPIRE1:18:12493172:A;STARD9:15:42977735:T;UBIAD1:1:11334115:A;OR6B1:7:143701313:T;MUC17:7:100681643:C;MTNR1A:4:187455170:T;DSCAM:21:41725436:C;IL4I1:19:50397559:A;TLL1:4:166946521:T;RNF152:18:59483224:T;DCST1:1:155019686:A;PLIN4:19:4512869:C;CFHR3:1:196748423:A;ARHGAP30:1:161022277:A;MAN2A2:15:91449082:T;ZFHX3:16:72829896:A;MTHFD2L:4:75065613:T;BBS7:4:122780197:A;SHANK1:19:51165890:A;STAB1:3:52549479:T;TACR3:4:104512644:T;FAM40A:1:110577385:T;CLSTN2:3:140277672:A;TLN2:15:63029118:A;FLG2:1:152328112:A;PTPRB:12:70988417:T;COL8A1:3:99513558:A;PPP1R21:2:48713859:T;CNGA1:4:47939364:A;OR52A1:11:5172968:T;PCLO:7:82784993:T;ZNF791:19:12739223:T;TRAPPC11:4:184606283:T;NOTCH3:19:15271734:A;PSG8:19:43268142:A;FOXK1:7:4780610:T;S100P:4:6695709:A;C16orf96:16:4625936:A;GABRB3:15:26793073:T;C9orf172:9:139740519:A;IL7R:5:35876276:T;CERCAM:9:131183315:A;AK5:1:78001603:A;PLA2G16:11:63357680:A;PAPPA2:1:176738746:A;INSM1:20:20350048:A;FLNC:7:128485078:A;FREM2:13:39265910:T;CILP:15:65490745:A;LY9:1:160793998:A;PPP1R3A:7:113519545:A;C7orf61:7:100061138:A;PCSK6:15:101853562:T;RBM15:1:110884323:T;RGS7:1:241262042:T;OTUD7B:1:149916082:A;MUC16:19:9047839:A;CARHSP1:16:8949175:T;CYBRD1:2:172409887:T;LRRK1:15:101593476:T;SAMSN1:21:15954466:A;NPC1L1:7:44576011:T;TFF1:21:43786545:T;MUC16:19:9083472:T;FGA:4:155507145:A;CAMK2B:7:44268635:A;COL6A1:21:47412307:A;DEFB126:20:126202:T;OR2T4:1:248525317:T;HS6ST3:13:96743357:A;ADAMTS16:5:5237177:A;ZNF304:19:57868978:T;HYAL3:3:50332992:A;ZAN:7:100352931:T;INSR:19:7184614:A;CD3E:11:118183553:A;CEACAM20:19:45026805:A;COL6A3:2:238283300:T;FCAMR:1:207131908:A;GRID2IP:7:6561071:A;SHANK2:11:70336464:C;NXF1:11:62570926:A;EMILIN2:18:2891838:A;GPC6:13:94482818:T;OR52R1:11:4825480:T;COL4A2:13:111147784:T;NCKAP5:2:133541128:A;NLRP11:19:56300209:T;PAPSS1:4:108566016:A;TBC1D20:20:419801:A;CCKAR:4:26483318:T;FBXL7:5:15937130:T;ATP6V0A4:7:138437429:T;LOC440040:11:49598369:C;OR4X1:11:48285733:T;CARD11:7:2968280:T;C16orf95:16:87349387:A;SLC13A1:7:122768942:A;HEATR7B2:5:41057426:T;DNAH5:5:13763005:A;FHAD1:1:15671982:A;PLEKHH2:2:43969993:A;TCP11L2:12:106715415:C;MYOC:1:171621580:T;GABRA2:4:46258286:A;FZD1:7:90895750:G;OR10H3:19:15852540:T;CA5A:16:87960381:T;OR4N3P:15:22414329:T;POLR2G:11:62530445:G;MUC16:19:9060020:A;SWT1:1:185191084:T;POGZ:1:151378358:A;COL4A3:2:228128532:A;GYPA:4:145038046:T;ADAMTS20:12:43846083:T;CACNA1B:9:141014664:T;ZIM2:19:57286167:T;C8B:1:57399072:A;EXD1:15:41522687:A;OR10G8:11:123900560:T;FAM160A2:11:6238985:T;FOXF1:16:86546616:T;FLG:1:152284603:A;ZNF274:19:58723952:T;ATP13A1:19:19762520:A;ECE2:3:184008402:T;OR8B4:11:124294619:T;ZC3H4:19:47572583:T;CFHR5:1:196977671:A;TUBA3C:13:19752424:T;ITGA7:12:56094114:A;CDH11:16:65032511:A;DSCAML1:11:117651346:G;ANO4:12:101505426:T;TDRD12:19:33306408:T;RRH:4:110758671:T;TMEM2:9:74365273:A;PCNT:21:47831363:T;HIF3A:19:46815540:T;BCO2:11:112070440:C;CDH8:16:61851611:A;SPTBN2:11:66472735:T;ABCC8:11:17432126:T;ZNF564:19:12637494:A;KCNQ1:11:2591888:A;CTNND2:5:10973627:A;NLRP5:19:56565138:A;CENPL:1:173775629:A;WNT2:7:116955312:A;ZSWIM3:20:44507262:T;ZSCAN18:19:58596507:A;SGMS2:4:108816715:G;ARHGAP40:20:37267970:A;C19orf69:19:41949175:A;IL12RB1:19:18192971:A;MYL1:2:211163161:T;SIGLEC11:19:50453412:T;NLRP11:19:56320323:T;FAM70B:13:114469437:A;TSPAN2:1:115615589:A;TNFRSF11A:18:60036211:T;CHRNA9:4:40351288:T;FZR1:19:3531940:T;GLIS1:1:54060088:T;OR56B1:11:5757825:T;NAV1:1:201709196:T;SLAMF6:1:160456896:T;TRANK1:3:36893236:A;MRGPRX1:11:18955401:T;ADAMTS6:5:64587179:C;OR1J2:9:125273986:A;OR4S1:11:48328350:A;ADAMTS4:1:161165313:T;NLRP10:11:7981821:A;TLR4:9:120475693:T;SPOCK3:4:167675875:T;ATP11A:13:113510265:A;ZNF536:19:30935376:C;PEBP1:12:118575929:T;ACSM1:16:20651901:T;MMD2:7:4949515:A;NETO2:16:47143580:T;KIAA1324:1:109731797:T;ZNF213:16:3187728:T;ARNT:1:150812123:A;SLCO1B7:12:21200012:T;RGS7BP:5:63890537:A;RAB11FIP5:2:73303263:A;SLC44A5:1:75679438:T;ITPKC:19:41239257:T;UMODL1:21:43519211:A;RGL3:19:11510727:A;MUC4:3:195517904:C;DNAH5:5:13830199:A	0	metastasis	712
2	Locoregional skin metastasis 2, right mid-calf	6	TFRC:3:195782049:A;TGM3:20:2290427:A;MYH7B:20:33568446:T;COL20A1:20:61957048:A;GUCY2C:12:14825833:A;CYP3A5:7:99264596:T;NUDC:1:27268297:T;SPEF2:5:35779309:T;FAM189A2:9:72000782:T;ERBB4:2:212295800:T;CBLC:19:45281410:A;CTAGE1:18:19995586:A;LTK:15:41803684:A;CFLAR:2:201994744:T;WDR92:2:68384536:A;STEAP2:7:89856473:T;FAM63A:1:150974207:A;TLL1:4:166960535:T;TLR4:9:120474892:T;CPA2:7:129919430:T;EPHA5:4:66217317:T;GPR18:13:99907342:C;CD101:1:117556154:A;WBSCR27:7:73256394:A;DLG2:11:83170891:A;RBFOX1:16:7760684:T;NOSTRIN:2:169718555:G;APBA2:15:29398879:T;ARHGEF1:19:42411523:T;VWCE:11:61026686:A;SCNN1G:16:23226579:T;SLC9A10:3:111923116:C;DYRK1A:21:38884468:T;EPG5:18:43519638:C;ABCC12:16:48174794:T;LAMA3:18:21484547:A;CYP4F3:19:15758007:A;RNF17:13:25399911:A;B3GALT5:21:41033288:T;SVEP1:9:113212410:T;VCAN:5:82838004:T;HSPH1:13:31728764:G;IL1RAP:3:190366222:T;OR7G2:19:9213750:A;GRIN2A:16:9857388:T;SPATA18:4:52943125:T;PEG3:19:57328547:T;PTPRQ:12:80935525:A;LRRC31:3:169574594:T;BRD4:19:15376401:A;DOC2A:16:30021505:A;JAKMIP1:4:6043904:T;UBE3C:7:157009676:T;KIAA1107:1:92643038:T;PCNXL2:1:233275594:A;NAPSA:19:50864292:A;COL4A4:2:227906897:T;TTC7A:2:47220601:A;KIF1A:2:241660382:A;ANKRD35:1:145562428:A;PRAMEF12:1:12835246:A;TCEB3:1:24069987:A;ZNF322:9:99961727:A;DAB1:1:57528601:A;AP4B1:1:114442820:A;LPHN3:4:62761524:T;ABCG4:11:119031071:T;P2RY1:3:152554303:A;KIAA0889:20:35414988:A;AK074615:2:27346960:A;MAP1A:15:43815667:T;ANKRD26P1:16:46534234:T;ADAM29:4:175897748:A;ALB:4:74283809:T;CHRNA5:15:78882758:A;PCLO:7:82581974:T;KLHL26:19:18778771:T;CCDC30:1:43111821:T;LILRA5:19:54818773:A;DNAJA3:16:4496978:T;KSR2:12:118105309:A;OR51E1:11:4674676:A;GPR98:5:90086875:A;MUC16:19:9082689:A;TPH1:11:18062274:A;TTN:2:179427449:T;ZNF534:19:52941418:T;CHST9:18:24496615:A;COL4A3BP:5:74695139:T;OR7D4:19:9324835:T;CEACAM7:19:42187740:A;DLEC1:3:38139081:A;OR2AG2:11:6789672:T;DNAH3:16:20975021:A;OR10A2:11:6891040:T;VWA5A:11:124012390:T;DLL4:15:41226888:T;FAM5C:1:190068030:A;SLITRK1:13:84453997:A;SLC9A4:2:103095455:T;CACNA1D:3:53756425:T;ZNF385A:12:54767848:A;THADA:2:43520309:A;ADAM29:4:175899068:T;C11orf75:11:93212221:A;NPEPL1:20:57269601:C;OR10K1:1:158435873:T;SCN1A:2:166897748:T;UGT3A1:5:35991303:A;CES4A:16:67037233:A;CREB3L2:7:137569661:A;RAPGEF6:5:130797520:T;XIRP1:3:39230819:T;GRM8:7:126173218:A;LPPR4:1:99771778:T;KNTC1:12:123071262:T;LY9:1:160784587:T;MUC16:19:9049959:A;ERC2:3:56041241:T;OR1C1:1:247921526:A;C15orf2:15:24924170:T;UNC93B1:11:67767009:A;BFSP2:3:133191296:T;CHRNA4:20:61982185:C;KIF21B:1:200978598:T;ITPKC:19:41235293:T;SLC13A4:7:135390879:C;RAB27B:18:52551654:T;CTAGE1:18:19997603:T;C12orf63:12:97112235:A;TGM3:20:2308851:A;ACHE:7:100490921:A;FREM2:13:39264977:T;MAGI3:1:114225588:A;ODZ4:11:78516463:T;RSAD2:2:7018238:A;TNR:1:175299306:T;B3GNT2:2:62449787:A;POLN:4:2230905:A;BAC05914.1:7:143839400:T;CDH8:16:61935362:T;PRIC285:20:62192594:A;UNC13C:15:54860027:A;LDLR:19:11217269:T;KIAA1804:1:233515291:T;YTHDC2:5:112920041:A;C2orf89:2:85051233:A;NOTCH1:9:139413926:A;ZNF560:19:9579828:A;CSMD2:1:33990609:T;RANBP10:16:67765428:T;EDC4:16:67915423:A;PCSK9:1:55509557:A;KRTAP27-1:21:31709534:A;CCDC130:19:13869685:T;SH2D3C:9:130507086:T;FGFRL1:4:1018138:T;TRPM3:9:73479374:A;SWAP70:11:9749696:T;C9orf79:9:90503380:T;SAR1B:5:133945338:A;KDM4B:19:5137659:A;WDR69:2:228767728:T;FRMD5:15:44184262:T;IFT81:12:110584818:T;C16orf96:16:4625739:T;C1orf173:1:75037692:A;DNAH7:2:196723312:T;MYF5:12:81112808:A;DNAH14:1:225339761:T;FAT3:11:92624013:A;KLHL30:2:239054448:T;MUC16:19:9004881:A;INHBA:7:41730107:A;ORC6:16:46731477:T;ZC3H7A:16:11861319:G;ATP1A1:1:116926718:A;KCNAB1:3:155861151:A;FAM71A:1:212798493:A;FBN3:19:8203059:T;TAOK2:16:29993193:T;PRKAG2:7:151372606:A;ZBTB46:20:62421195:A;CEACAM5:19:42223926:A;DNAH14:1:225490962:T;MLL2:12:49434034:A;FAM83C:20:33875307:A;OR4C11:11:55371088:A;LAYN:11:111430885:A;MUC5B:11:1274056:T;SLC12A5:20:44680505:T;BCO2:11:112085692:A;CACNA1B:9:140997212:T;SRCAP:16:30723717:T;IL9:5:135231484:C;TMEM134:11:67236549:T;WDR63:1:85564225:T;WDR66:12:122361864:T;OR51B5:11:5364553:T;TAS2R14:12:11091013:A;CYP4Z1:1:47533207:A;NPHP4:1:6012871:A;UNC13C:15:54306434:G;RAPGEF3:12:48143524:T;MYH15:3:108107918:A;AMDHD2:16:2580571:T;SCFD2:4:53751933:A;EPHB4:7:100403265:A;NPR1:1:153654203:T;NPHS2:1:179528852:A;DRD2:11:113295230:A;SMARCA4:19:11132434:T;WWC2:4:184207163:T;SERPINB4:18:61324524:T;ADAR:1:154557453:A;OR8I2:11:55860845:A;GAS8:16:90108884:T;SLC9A2:2:103274237:A;AMIGO2:12:47471644:A;LRCH4:7:100179730:A;NLRP7:19:55450718:T;VAT1L:16:78011552:A;EMR4P:19:6972293:A;SULT2A1:19:48386951:A;KRT1:12:53074017:T;BFSP1:20:17475391:T;C3orf24:3:10146266:T;EIF4E3:3:71759631:A;LYST:1:235969706:C;ADH6:4:100134872:T;CCR8:3:39374000:T;OR5W2:11:55681990:T;VSTM2B:19:30018242:A;APBA1:9:72055936:A;NLRP12:19:54304583:T;DECR2:16:460735:T;CCDC141:2:179701833:A;OR10A6:11:7950174:A;PPEF2:4:76811168:A;PDE6B:4:656405:A;TRPC4:13:38320505:T;ODZ3:4:183664511:A;EDNRA:4:148453787:A;ALS2CL:3:46722995:A;LRP1B:2:141081574:A;ITM2C:2:231740342:A;ICAM4:19:10398294:T;NUP93:16:56832440:T;EYA2:20:45702804:T;UNC13C:15:54305661:A;NXNL1:19:17571545:A;LSM4:19:18423417:A;CCNI:4:77977464:T;HEATR7B2:5:41000903:A;SCAPER:15:77025699:A;STXBP2:19:7712100:T;MYCBP2:13:77756052:A;PROKR2:20:5282723:A;MRPS2:9:138395673:T;DLGAP1:18:3879592:A;YIPF7:4:44626735:A;CCDC33:15:74610944:A;ZNF442:19:12461479:A;DDX60:4:169197263:C;FKBP6:7:72742303:A;DOCK3:3:51312575:A;MUC16:19:9012839:T;OR52E8:11:5878254:A;MBD3L1:19:8953571:A;SNED1:2:242003071:A;APLP1:19:36362774:A;PIEZO2:18:10759547:T;DMPK:19:46275969:A;OR56A5:11:5988811:T;L3MBTL1:20:42143359:A;KCNT2:1:196448347:A;WHSC1:4:1961251:T;WNK2:9:96051877:A;OAZ3:1:151739774:T;NTM:11:132180045:T;OLFR959:11:124029760:T;OR14I1:1:248844920:T;IKZF2:2:213914443:A;COQ7:16:19079044:T;C2orf89:2:85097784:A;PPP1R16B:20:37536450:T;COL4A1:13:110831329:T;ZC3H4:19:47569959:C;CELF1:11:47500490:A;RYR1:19:38942487:A;MICALL2:7:1484721:A;MLL4:19:36219891:T;ANK2:4:114279018:T;MUC17:7:100683071:T;KANK2:19:11289038:A;RFX4:12:107144441:A;LRIG1:3:66501990:A;LEPREL1:3:189692379:T;CERKL:2:182430844:T;OR9K2:12:55524539:A;ADAMTS19:5:129037128:A;POLR3B:12:106853139:T;CACNG3:16:24372998:T;PRODH2:19:36291008:T;AGRN:1:984814:T;DDX6:11:118635981:A;PLCZ1:12:18854670:T;MLH1:3:37035085:G;OR6P1:1:158532573:A;MUC5B:11:1263918:T;GIMAP8:7:150174830:A;NBAS:2:15615878:A;DNAH7:2:196753694:T;PPFIA2:12:81833811:T;ATP9A:20:50313983:T;HNRNPM:19:8551222:T;SNAP25:20:10279941:A;SMARCA4:19:11113794:T;C16orf85:16:88620273:T;LSM6:4:147108494:T;SPPL2B:19:2344400:T;FOXP2:7:114299687:T;CASC5:15:40914411:T;IMMT:2:86371856:C;ABCA12:2:215851424:A;GRID2:4:94344113:T;CHML:1:241797372:A;NDST4:4:115997880:A;PCSK5:9:78547381:T;SIPA1L3:19:38610197:T;SIRPB2:20:1471952:A;SWI5:9:131038662:T;DMGDH:5:78326698:A;ZNF512B:20:62599244:C;ATF3:1:212788507:T;PER3:1:7858627:T;TMCO3:13:114193782:T;IFITM5:11:299466:T;ATP6V0A2:12:124228468:A;TRRAP:7:98553870:T;TXNDC2:18:9888103:A;C11orf51:11:71823755:A;MACC1:7:20198202:T;MARCO:2:119751983:A;GPR98:5:90070057:A;ZFP91:11:58384672:G;MRPL21:11:68665451:A;SLC41A2:12:105289086:T;PDHA2:4:96762379:A;TMC7:16:19020697:T;CD33:19:51729282:A;ABL2:1:179077165:A;CDK18:1:205499766:T;ODAM:4:71062283:A;LSM14B:20:60705606:T;MAGI1:3:65349200:T;OR8J3:11:55904569:T;LPAR3:1:85279722:A;ATP13A5:3:193051577:T;OR8G2:11:124095730:A;SORL1:11:121420750:T;AGTR1:3:148459740:A;PAH:12:103249089:T;TMEM147:19:36038269:G;C2orf78:2:74042913:A;IL1RL2:2:102835496:A;PRR23B:3:138738872:A;SLC29A4:7:5330371:A;NBEA:13:35729983:T;SCIN:7:12668777:A;YARS2:12:32902938:A;RPGRIP1L:16:53679639:A;MPHOSPH9:12:123682850:T;TNS1:2:218700757:A;TTN:2:179634535:T;C18orf34:18:30903589:A;BMP7:20:55803374:A;OR52A5:11:5153246:A;OR7G3:19:9237177:A;GRIN2B:12:13906748:A;LIMCH1:4:41652455:A;CCDC108:2:219892926:A;PODXL2:3:127379960:A;IGF1R:15:99251169:T;CST2:20:23805892:A;KLK6:19:51471333:A;TSPEAR:21:45953662:A;ITSN1:21:35229062:A;LAMA3:18:21327947:T;AMBRA1:11:46430092:A;OR5K4:3:98072713:T;MUC17:7:100679232:A;STON1-GTF2A1L:2:49003435:C;CACNB4:2:152726921:T;SERGEF:11:18026002:A;APOBR:16:28509078:A;DCC:18:50912460:A;PIK3C2G:12:18641487:T;TNFSF11:13:43181041:A;ANO1:11:69934154:T;PPFIA3:19:49632188:T;KLHDC8A:1:205308800:A;GTF3C1:16:27473647:A;SIGLEC8:19:51955758:T;AHNAK:11:62300643:A;PZP:12:9312540:C;GCN1L1:12:120572412:A;PARP8:5:50125763:A;DUSP27:1:167096871:A;ZNF880:19:52888183:T;SIK1:21:44841649:G;DLX2:2:172965544:T;GRIP1:12:66826329:G;OR8D4:11:123777650:T;FAT4:4:126240916:T;CSMD2:1:34498244:A;PHACTR3:20:58416569:A;MEFV:16:3294026:T;CLEC17A:19:14710598:T;DNHD1:11:6519530:C;PTPRB:12:71016405:A;POLQ:3:121230845:T;ZNF486:19:20296841:A;CALR3:19:16590028:T;TH:11:2192926:T;STK32B:4:5448480:A;KIAA1683:19:18378019:A;MRPS26:20:3026824:T;GPR97:16:57714265:T;ARHGEF18:19:7532468:T;MS4A14:11:60184435:G;CCDC108:2:219878298:A;KBTBD12:3:127702942:T;CLCA4:1:87031024:A;DNAH12:3:57368829:A;SVEP1:9:113170717:A;UCP2:11:73689086:T;NKD2:5:1038132:G;GNAO1:16:56374868:T;SLC1A3:5:36680559:C;CHEK1:11:125496675:T;CELF3:1:151681752:A;CREB3L2:7:137590468:A;ARHGAP29:1:94668691:A;PAM:5:102309966:T;CLEC5A:7:141635657:T;FARSA:19:13041110:A;IGFL3:19:46627355:T;CD1E:1:158325207:T;NRAS:1:115256530:T;SPTBN5:15:42172458:A;ACSM2A:16:20489907:A;ZFP30:19:38134229:T;CSMD2:1:34071065:T;TIE1:1:43775061:T;EPHA10:1:38227621:A;MUC5B:11:1270383:A;CCDC73:11:32636489:T;CPNE4:3:131261610:T;LEKR1:3:156763138:T;LRBA:4:151356749:T;ITGB2:21:46326859:A;MUC16:19:9068125:T;PCDH8:13:53420910:T;KRIT1:7:91870320:A;ALDH2:12:112221069:T;B3GALT2:1:193150501:T;GIMAP1:7:150417209:A;LGALS16:19:40148579:A;LMX1A:1:165182887:A;GAP43:3:115394956:T;TMEM132A:11:60702756:A;SLITRK6:13:86368261:T;MOGAT3:7:100839272:T;KRTAP10-4:21:45994663:T;BEND4:4:42145559:T;PTPRB:12:70986067:T;PKNOX1:21:44450202:T;XIRP2:2:168105224:T;PLEKHM2:1:16059201:T;DNAJA2:16:46992983:T;IRF2BP1:19:46387406:T;ZBTB6:9:125673824:A;PI3:20:43804564:T;PTPRQ:12:80936119:T;QSOX2:9:139110945:A;HCLS1:3:121350826:T;ISM1:20:13260484:A;DUOXA1:15:45409939:A;MLL4:19:36210431:T;C2orf77:2:170510671:T;SAMD9:7:92732760:A;PACS1:11:65960993:T;ZNF804B:7:88965299:A;MAP4K2:11:64559397:T;CFHR5:1:196953098:C;CBLN4:20:54573721:T;CACNA1E:1:181764059:G;CSMD2:1:34401380:A;DIRAS2:9:93375681:T;KL:13:33627918:T;LRRC42:1:54417912:A;CASS4:20:55027226:T;SEMG2:20:43850449:T;LRRC10:12:70004235:A;SYCP1:1:115527479:T;FAM117B:2:203630447:C;OR2A5:7:143747556:A;CDH7:18:63527019:A;SPTBN2:11:66483354:A;DPP3:11:66264785:T;PTPN13:4:87728945:T;WEE2:7:141427138:T;MAP4:3:47953462:A;SEC14L5:16:5055956:T;FLJ11235:5:111755723:A;ST8SIA4:5:100222081:T;SPIRE1:18:12493172:A;STARD9:15:42977735:T;UBIAD1:1:11334115:A;OR6B1:7:143701313:T;MUC17:7:100681643:C;MTNR1A:4:187455170:T;DSCAM:21:41725436:C;IL4I1:19:50397559:A;TLL1:4:166946521:T;RNF152:18:59483224:T;DCST1:1:155019686:A;PLIN4:19:4512869:C;CFHR3:1:196748423:A;ARHGAP30:1:161022277:A;MAN2A2:15:91449082:T;ZFHX3:16:72829896:A;MTHFD2L:4:75065613:T;BBS7:4:122780197:A;SHANK1:19:51165890:A;STAB1:3:52549479:T;TACR3:4:104512644:T;FAM40A:1:110577385:T;CLSTN2:3:140277672:A;TLN2:15:63029118:A;FLG2:1:152328112:A;PTPRB:12:70988417:T;COL8A1:3:99513558:A;PPP1R21:2:48713859:T;CNGA1:4:47939364:A;OR52A1:11:5172968:T;PCLO:7:82784993:T;ZNF791:19:12739223:T;TRAPPC11:4:184606283:T;NOTCH3:19:15271734:A;PSG8:19:43268142:A;FOXK1:7:4780610:T;S100P:4:6695709:A;C16orf96:16:4625936:A;GABRB3:15:26793073:T;C9orf172:9:139740519:A;IL7R:5:35876276:T;CERCAM:9:131183315:A;AK5:1:78001603:A;PLA2G16:11:63357680:A;PAPPA2:1:176738746:A;INSM1:20:20350048:A;FLNC:7:128485078:A;FREM2:13:39265910:T;CILP:15:65490745:A;LY9:1:160793998:A;PPP1R3A:7:113519545:A;C7orf61:7:100061138:A;PCSK6:15:101853562:T;RBM15:1:110884323:T;RGS7:1:241262042:T;OTUD7B:1:149916082:A;MUC16:19:9047839:A;CARHSP1:16:8949175:T;CYBRD1:2:172409887:T;LRRK1:15:101593476:T;SAMSN1:21:15954466:A;NPC1L1:7:44576011:T;TFF1:21:43786545:T;MUC16:19:9083472:T;FGA:4:155507145:A;CAMK2B:7:44268635:A;COL6A1:21:47412307:A;DEFB126:20:126202:T;OR2T4:1:248525317:T;HS6ST3:13:96743357:A;ADAMTS16:5:5237177:A;ZNF304:19:57868978:T;HYAL3:3:50332992:A;ZAN:7:100352931:T;INSR:19:7184614:A;CD3E:11:118183553:A;CEACAM20:19:45026805:A;COL6A3:2:238283300:T;FCAMR:1:207131908:A;GRID2IP:7:6561071:A;SHANK2:11:70336464:C;NXF1:11:62570926:A;EMILIN2:18:2891838:A;GPC6:13:94482818:T;OR52R1:11:4825480:T;COL4A2:13:111147784:T;NCKAP5:2:133541128:A;NLRP11:19:56300209:T;PAPSS1:4:108566016:A;TBC1D20:20:419801:A;CCKAR:4:26483318:T;FBXL7:5:15937130:T;ATP6V0A4:7:138437429:T;LOC440040:11:49598369:C;OR4X1:11:48285733:T;CARD11:7:2968280:T;C16orf95:16:87349387:A;SLC13A1:7:122768942:A;HEATR7B2:5:41057426:T;DNAH5:5:13763005:A;FHAD1:1:15671982:A;PLEKHH2:2:43969993:A;TCP11L2:12:106715415:C;MYOC:1:171621580:T;GABRA2:4:46258286:A;FZD1:7:90895750:G;OR10H3:19:15852540:T;CA5A:16:87960381:T;OR4N3P:15:22414329:T;POLR2G:11:62530445:G;MUC16:19:9060020:A;SWT1:1:185191084:T;POGZ:1:151378358:A;COL4A3:2:228128532:A;GYPA:4:145038046:T;ADAMTS20:12:43846083:T;CACNA1B:9:141014664:T;ZIM2:19:57286167:T;C8B:1:57399072:A;EXD1:15:41522687:A;OR10G8:11:123900560:T;FAM160A2:11:6238985:T;FOXF1:16:86546616:T;FLG:1:152284603:A;ZNF274:19:58723952:T;ATP13A1:19:19762520:A;ECE2:3:184008402:T;OR8B4:11:124294619:T;ZC3H4:19:47572583:T;CFHR5:1:196977671:A;TUBA3C:13:19752424:T;ITGA7:12:56094114:A;CDH11:16:65032511:A;DSCAML1:11:117651346:G;ANO4:12:101505426:T;TDRD12:19:33306408:T;RRH:4:110758671:T;TMEM2:9:74365273:A;PCNT:21:47831363:T;HIF3A:19:46815540:T;BCO2:11:112070440:C;CDH8:16:61851611:A;SPTBN2:11:66472735:T;ABCC8:11:17432126:T;ZNF564:19:12637494:A;KCNQ1:11:2591888:A;CTNND2:5:10973627:A;NLRP5:19:56565138:A;CENPL:1:173775629:A;WNT2:7:116955312:A;ZSWIM3:20:44507262:T;ZSCAN18:19:58596507:A;SGMS2:4:108816715:G;ARHGAP40:20:37267970:A;C19orf69:19:41949175:A;IL12RB1:19:18192971:A;MYL1:2:211163161:T;SIGLEC11:19:50453412:T;NLRP11:19:56320323:T;FAM70B:13:114469437:A;TSPAN2:1:115615589:A;TNFRSF11A:18:60036211:T;CHRNA9:4:40351288:T;FZR1:19:3531940:T;GLIS1:1:54060088:T;OR56B1:11:5757825:T;NAV1:1:201709196:T;SLAMF6:1:160456896:T;TRANK1:3:36893236:A;MRGPRX1:11:18955401:T;ADAMTS6:5:64587179:C;OR1J2:9:125273986:A;OR4S1:11:48328350:A;ADAMTS4:1:161165313:T;NLRP10:11:7981821:A;TLR4:9:120475693:T;SPOCK3:4:167675875:T;ATP11A:13:113510265:A;ZNF536:19:30935376:C;PEBP1:12:118575929:T;ACSM1:16:20651901:T;MMD2:7:4949515:A;NETO2:16:47143580:T;KIAA1324:1:109731797:T;ZNF213:16:3187728:T;ARNT:1:150812123:A;SLCO1B7:12:21200012:T;RGS7BP:5:63890537:A;RAB11FIP5:2:73303263:A;SLC44A5:1:75679438:T;ITPKC:19:41239257:T;UMODL1:21:43519211:A;RGL3:19:11510727:A;MUC4:3:195517904:C;DNAH5:5:13830199:A	0	metastasis	712
